B_LU_BRP,B_LU_NAME,B_REGION,B_LU,B_LU_WATERSTRESS_OBIC,B_LU_CROPROTATIONINTENSITY_OBIC,B_LU_EOM,B_LU_EOM_RESIDUE,B_LU_HC,B_LU_CULTCAT4,B_LU_CROPROTATION,B_LU_CRUMBLEABILITY_OBIC,B_LU_PCLASS_OBIC,B_LU_SEALINGCLASS,B_LU_NEVALCLASS_OBIC,B_LU_KEVALCLASS_OBIC,B_LU_MEASURE_OBIC,B_LU_BOTANICAL,B_LU_SEASON,B_LU_MAKKINK,B_LU_BBWP,B_LU_ARABLE_ER,B_LU_PRODUCTIVE_ER,B_LU_CULTIVATED_ER,B_LU_ROOTBALL_DIAMETER,B_LU_PLANT_DENSITY
172,tuinbouwzaden,nl,nl_172,overig,overig,,,0.32,akkerbouw,other,16,arable,overig,akkerbouw,mais,akkerbouw,"",overig,overig,groenten,TRUE,TRUE,TRUE,0,0
174,bloemzaden open grond,nl,nl_174,overig boomteelt,overig,,,0.81,akkerbouw,other,14,arable,overig,akkerbouw,mais,boomteelt,"","tulpen, narcis, hyacint",overig,bollensierteelt,TRUE,TRUE,TRUE,0,0
175,bloemkwekerijgewassen (inclusief bloemzaden),nl,nl_175,overig boomteelt,overig,,,0.81,akkerbouw,other,14,arable,overig,akkerbouw,mais,boomteelt,"","tulpen, narcis, hyacint",overig,bollensierteelt,TRUE,TRUE,TRUE,0,0
176,bloembollen en - knollen,nl,nl_176,bloembollen,overig,,,0.24,akkerbouw,other,10,arable,overig,akkerbouw,mais,groenteteelt,"","tulpen, narcis, hyacint",bloembollen,bollensierteelt,TRUE,TRUE,TRUE,0,0
212,fruit,nl,nl_212,groot fruit,overig,,,0.81,akkerbouw,other,12,arable,overig,akkerbouw,mais,boomteelt,"",groot fruit,fruit,boomfruitteelt,TRUE,TRUE,TRUE,30,1250
229,boomkwekerij en vaste planten,nl,nl_229,overig boomteelt,overig,1175,0,0.81,akkerbouw,other,13,arable,overig,akkerbouw,mais,boomteelt,"",overige boomteelt,jong bos,boomfruitteelt,TRUE,TRUE,TRUE,20,10000
233,"tarwe, winter-",nl,nl_233,granen,rust,1640,990,0.31,akkerbouw,cereal,2,arable,overig,akkerbouw,mais,akkerbouw,triticum aestivum,wintertarwe,wintertarwe,rustgewas,TRUE,TRUE,TRUE,0,0
234,"tarwe, zomer-",nl,nl_234,granen,rust,1630,960,0.31,akkerbouw,cereal,2,arable,overig,akkerbouw,mais,akkerbouw,triticum aestivum,zomergerst,graan,rustgewas,TRUE,TRUE,TRUE,0,0
235,"gerst, winter-",nl,nl_235,granen,rust,1570,780,0.31,akkerbouw,cereal,2,arable,overig,akkerbouw,mais,akkerbouw,horderum vulgare,wintertarwe,wintertarwe,rustgewas,TRUE,TRUE,TRUE,0,0
236,"gerst, zomer-",nl,nl_236,granen,rust,1310,0,0.31,akkerbouw,cereal,2,arable,overig,akkerbouw,mais,akkerbouw,horderum vulgare,zomergerst,graan,rustgewas,TRUE,TRUE,TRUE,0,0
237,rogge (geen snijrogge),nl,nl_237,granen,rust,1500,1020,0.31,akkerbouw,other,2,arable,overig,akkerbouw,mais,akkerbouw,secale cereale,zomergerst,graan,rustgewas,TRUE,TRUE,TRUE,0,0
238,haver,nl,nl_238,granen,rust,1570,900,0.31,akkerbouw,cereal,2,arable,overig,akkerbouw,mais,akkerbouw,avena sativa,zomergerst,graan,rustgewas,TRUE,TRUE,TRUE,0,0
239,"erwten, groene, droog te oogsten (geen conserven)",nl,nl_239,zomergroenten,overig,170,830,0.32,akkerbouw,other,7,arable,overig,akkerbouw,mais,groenteteelt,pisum sativum,"erwten, bonen",tuinbonen,eiwitgewas,TRUE,TRUE,TRUE,0,0
240,schokkers,nl,nl_240,overig,overig,,,0.24,akkerbouw,other,7,arable,overig,akkerbouw,mais,akkerbouw,pisum sativum,"erwten, bonen",tuinbonen,groenten,TRUE,TRUE,TRUE,0,0
241,kapucijners (en grauwe erwten),nl,nl_241,zomergroenten,overig,,,0.32,akkerbouw,other,7,arable,overig,akkerbouw,mais,groenteteelt,pisum sativum,"erwten, bonen",tuinbonen,eiwitgewas,TRUE,TRUE,TRUE,0,0
242,"bonen, bruine-",nl,nl_242,zomergroenten,overig,650,0,0.24,akkerbouw,other,7,arable,overig,akkerbouw,mais,groenteteelt,phaseolus vulgaris,"erwten, bonen",tuinbonen,eiwitgewas,TRUE,TRUE,TRUE,0,0
243,"bonen, veld-(oa duive-, paarde-, wierbonen)(droog te oogsten",nl,nl_243,zomergroenten,overig,650,0,0.24,akkerbouw,other,7,arable,overig,akkerbouw,mais,groenteteelt,phaseolus vulgaris,"erwten, bonen",tuinbonen,eiwitgewas,TRUE,TRUE,TRUE,0,0
244,"erwten, groene/gele (groen te oogsten)",nl,nl_244,zomergroenten,overig,170,830,0.32,akkerbouw,other,7,arable,overig,akkerbouw,mais,groenteteelt,pisum sativum,"erwten, bonen",tuinbonen,eiwitgewas,TRUE,TRUE,TRUE,0,0
246,karwijzaad (oogst dit jaar),nl,nl_246,overig,overig,,,0.35,akkerbouw,other,7,arable,overig,akkerbouw,mais,akkerbouw,carum carvi,overig,overig,rustgewas,TRUE,TRUE,TRUE,0,0
247,blauwmaanzaad,nl,nl_247,overig,overig,750,0,0.32,akkerbouw,other,16,arable,overig,akkerbouw,mais,akkerbouw,papaver somniferum,overig,overig,rustgewas,TRUE,TRUE,TRUE,0,0
249,"vlas, vezel- (niet voor zaaizaad)",nl,nl_249,overig,overig,100,0,0.33,akkerbouw,other,16,arable,overig,akkerbouw,mais,akkerbouw,linum usitatissimum,overig,graan,rustgewas,TRUE,TRUE,TRUE,0,0
256,"bieten, suiker-",nl,nl_256,suikerbiet,rooivrucht,375,900,0.24,akkerbouw,sugarbeet,6,arable,overig,akkerbouw,mais,akkerbouw,beta vulgaris,suikerbieten,bol en knolgewassen,rooivrucht,TRUE,TRUE,TRUE,0,0
257,"bieten, voeder-",nl,nl_257,suikerbiet,rooivrucht,375,900,0.24,akkerbouw,sugarbeet,6,arable,overig,akkerbouw,mais,akkerbouw,beta vulgaris,suikerbieten,bol en knolgewassen,rooivrucht,TRUE,TRUE,TRUE,0,0
258,luzerne,nl,nl_258,overig,rust,1350,0,0.33,akkerbouw,alfalfa,16,arable,overig,akkerbouw,mais,akkerbouw,medicago sativa,overig,overig,eiwitgewas,TRUE,TRUE,TRUE,0,0
259,"mais, snij-",nl,nl_259,snijmais,overig,660,,0.33,mais,mais,2,mais,overig,akkerbouw,mais,akkerbouw,"",snijmais,snijmais,mais,TRUE,TRUE,TRUE,0,0
262,"uien, zaai-",nl,nl_262,zomergroenten,overig,300,0,0.24,akkerbouw,other,4,arable,overig,akkerbouw,mais,groenteteelt,allium cepa,"witlof, selderij, uien",zaaiuien,rooivrucht,TRUE,TRUE,TRUE,0,0
263,"uien, zilver-",nl,nl_263,zomergroenten,overig,300,0,0.24,akkerbouw,other,4,arable,overig,akkerbouw,mais,groenteteelt,allium cepa,"witlof, selderij, uien",zaaiuien,rooivrucht,TRUE,TRUE,TRUE,0,0
265,"grasland, blijvend",nl,nl_265,grasland met herinzaai,rust,3975,0,0.35,grasland,grass,1,gras,gras,gras,gras,veeteelt,gras overig,beweid bemaaid gras,grasland,gras_permanent,FALSE,TRUE,TRUE,0,0
266,"grasland, tijdelijk",nl,nl_266,grasland met herinzaai,rust,1875,0,0.35,grasland,grass,1,gras,gras,gras,gras,veeteelt,gras overig,beweid bemaaid gras,grasland,gras_tijdelijk,FALSE,TRUE,TRUE,0,0
294,"boomkwekerijgewassen en vaste planten, pot- en containerveld",nl,nl_294,overig boomteelt,overig,0,0,0.81,akkerbouw,other,13,arable,overig,akkerbouw,mais,boomteelt,"",overige boomteelt,jong bos,boomfruitteelt,TRUE,TRUE,TRUE,,
308,erwten (droog te oogsten),nl,nl_308,zomergroenten,overig,170,830,0.32,akkerbouw,other,7,arable,overig,akkerbouw,mais,groenteteelt,pisum sativum,"erwten, bonen",tuinbonen,eiwitgewas,TRUE,TRUE,TRUE,0,0
311,"bonen, veld- (onder andere duiven-, paarden-, wierbonen) ",nl,nl_311,zomergroenten,overig,650,0,0.24,akkerbouw,other,7,arable,overig,akkerbouw,mais,groenteteelt,phaseolus vulgaris,"erwten, bonen",tuinbonen,eiwitgewas,TRUE,TRUE,TRUE,0,0
314,triticale,nl,nl_314,granen,overig,1600,930,0.31,akkerbouw,cereal,2,arable,overig,akkerbouw,mais,akkerbouw,triticale,zomergerst,graan,rustgewas,TRUE,TRUE,TRUE,0,0
316,"mais, korrel-",nl,nl_316,snijmais,overig,1900,,0.32,mais,mais,2,mais,overig,akkerbouw,mais,akkerbouw,"",snijmais,snijmais,mais,TRUE,TRUE,TRUE,0,0
317,"mais, corncob mix",nl,nl_317,snijmais,overig,1900,0,0.32,mais,mais,2,mais,overig,akkerbouw,mais,akkerbouw,"",snijmais,snijmais,mais,TRUE,TRUE,TRUE,0,0
331,"grasland, natuurlijk. hoofdfunctie landbouw.",nl,nl_331,grasland met herinzaai,rust,1400,0,0.35,grasland,grass,1,gras,gras,gras,gras,veeteelt,gras overig,beweid bemaaid gras,grasland,gras_tijdelijk,FALSE,TRUE,TRUE,0,0
332,"grasland, natuurlijk. hoofdfunctie natuur.",nl,nl_332,grasland met herinzaai,rust,1400,0,0.35,grasland,grass,1,gras,gras,gras,gras,veeteelt,gras overig,beweid bemaaid gras,grasland,natuur,FALSE,TRUE,TRUE,0,0
333,"rand, grenzend aan blijvend grasland of een blijvende teelt, hoofdzakelijk bestaand uit blijvend gras",nl,nl_333,natuur,overig,500,0,0.35,natuur,nature,2,nature,gras,gras,gras,veeteelt,gras overig,beweid bemaaid gras,grasland,randensloot,FALSE,FALSE,TRUE,0,0
334,"rand, grenzend aan bouwland, hoofdzakelijk bestaand uit blijvend gras",nl,nl_334,natuur,overig,500,0,0.35,natuur,nature,2,nature,gras,gras,gras,veeteelt,gras overig,overig,grasland,randensloot,FALSE,FALSE,TRUE,0,0
335,natuurterreinen (incl. heide),nl,nl_335,natuur,overig,,,0.32,natuur,nature,2,nature,overig,akkerbouw,mais,veeteelt,"",overig,bos,natuur,TRUE,FALSE,FALSE,0,0
336,"grasland, natuurlijk. areaal met een natuurbeheertype dat overwegend voor landbouwactiviteiten-glb wordt gebruikt",nl,nl_336,grasland met herinzaai,rust,1400,0,0.35,grasland,grass,1,gras,gras,gras,gras,veeteelt,gras overig,beweid bemaaid gras,grasland,gras_permanent,FALSE,TRUE,TRUE,0,0
337,"bufferstrook, rand (inclusief eventuele oevervegetatie)",nl,nl_337,natuur,overig,,,0.35,natuur,nature,2,nature,overig,akkerbouw,mais,veeteelt,"",overig,grasklaver,randensloot,TRUE,FALSE,TRUE,0,0
338,"rand, liggend op bouwland en direct grenzend aan bos. geen landbouwproductie.",nl,nl_338,natuur,overig,500,0,0.81,natuur,nature,2,nature,gras,gras,gras,veeteelt,"",loofbos,natuurlijk grasland,randensloot,TRUE,FALSE,TRUE,0,0
343,"sloot, grenzend aan beheerde akkerrand",nl,nl_343,natuur,overig,0,0,0.35,akkerbouw,other,16,arable,overig,akkerbouw,mais,veeteelt,"",overig,overig,randensloot,TRUE,FALSE,FALSE,0,0
344,"rand, grenzend aan blijvend grasland of een blijvende teelt, hoofdzakelijk bestaand uit een ander gewas dan gras",nl,nl_344,natuur,overig,500,0,0.35,natuur,nature,2,nature,gras,gras,gras,veeteelt,gras overig,beweid bemaaid gras,grasland,randensloot,TRUE,FALSE,TRUE,0,0
345,"rand, grenzend aan bouwland, hoofdzakelijk bestaand uit een ander gewas dan gras",nl,nl_345,natuur,overig,500,0,0.35,natuur,nature,2,nature,overig,akkerbouw,mais,veeteelt,"",overig,grasland,randensloot,TRUE,FALSE,TRUE,0,0
346,tagetes erecta (afrikaantje),nl,nl_346,overig,overig,865,0,0.3,akkerbouw,other,16,arable,overig,akkerbouw,mais,akkerbouw,tagetes,overig,bloembollen,bollensierteelt,TRUE,TRUE,TRUE,0,0
347,tagetes patula (afrikaantje),nl,nl_347,overig,overig,865,0,0.3,akkerbouw,other,16,arable,overig,akkerbouw,mais,akkerbouw,tagetes,overig,bloembollen,bollensierteelt,TRUE,TRUE,TRUE,0,0
370,"rand, grenzend aan blijvend grasland of een blijvende teelt, hoofdzakelijk bestaand uit tijdelijk gras",nl,nl_370,natuur,overig,500,0,0.35,natuur,nature,2,nature,gras,gras,gras,veeteelt,gras overig,beweid bemaaid gras,grasland,randensloot,FALSE,FALSE,TRUE,0,0
372,"rand, grenzend aan bouwland, hoofdzakelijk bestaand uit tijdelijk gras",nl,nl_372,natuur,overig,500,0,0.35,natuur,nature,2,nature,gras,gras,gras,veeteelt,gras overig,overig,grasland,randensloot,FALSE,FALSE,TRUE,0,0
375,hop,nl,nl_375,overig,overig,,,0.31,akkerbouw,other,16,arable,overig,akkerbouw,mais,akkerbouw,humulus lupus,overig,overig,rustgewas,TRUE,TRUE,TRUE,0,0
381,teff,nl,nl_381,granen,overig,,,0.31,akkerbouw,cereal,2,arable,overig,akkerbouw,mais,akkerbouw,eragrostis tef,zomergerst,graan,rustgewas,TRUE,TRUE,TRUE,0,0
382,spelt,nl,nl_382,granen,overig,,,0.31,akkerbouw,other,16,arable,overig,akkerbouw,mais,akkerbouw,triticum spelta,zomergerst,graan,rustgewas,TRUE,TRUE,TRUE,0,0
383,graszaad,nl,nl_383,overig,rust,2300,0,0.32,grasland,grass,1,gras,gras,gras,gras,akkerbouw,gras overig,graszaad,grasland,gras_tijdelijk,FALSE,TRUE,TRUE,0,0
426,"overige groenbemesters, vlinderbloemige- ",nl,nl_426,overig,rust,800,0,0.24,akkerbouw,catchcrop,16,arable,overig,akkerbouw,mais,akkerbouw,"",overig,bladrammenas,vanggewas,TRUE,TRUE,TRUE,0,0
427,"overige groenbemesters, niet-vlinderbloemige-",nl,nl_427,overig,rust,800,0,0.24,akkerbouw,catchcrop,16,arable,overig,akkerbouw,mais,akkerbouw,"",overig,bladrammenas,vanggewas,TRUE,TRUE,TRUE,0,0
428,gele mosterd,nl,nl_428,overig boomteelt,overig,850,0,0.81,akkerbouw,other,14,arable,overig,akkerbouw,mais,boomteelt,sinapis alba,overig,overig,vanggewas,TRUE,TRUE,TRUE,0,0
511,cichorei,nl,nl_511,overig boomteelt,overig,700,0,0.81,akkerbouw,other,14,arable,overig,akkerbouw,mais,boomteelt,chichorium intybus,"witlof, selderij, uien",bol en knolgewassen,rooivrucht,TRUE,TRUE,TRUE,0,0
513,kanariezaad,nl,nl_513,overig boomteelt,overig,,,0.81,akkerbouw,other,14,arable,overig,akkerbouw,mais,boomteelt,phalaris canariensis,overig,overig,bollensierteelt,TRUE,TRUE,TRUE,0,0
515,zonnebloemen,nl,nl_515,overig boomteelt,overig,0,0,0.81,akkerbouw,other,14,arable,overig,akkerbouw,mais,boomteelt,helianthus anuus,"tulpen, narcis, hyacint",bloembollen,vanggewas,TRUE,TRUE,TRUE,0,0
516,miscanthus (olifantsgras),nl,nl_516,overig boomteelt,overig,,,0.81,akkerbouw,grass,14,mais,overig,akkerbouw,mais,boomteelt,miscanthus,overig,grasland,rustgewas,TRUE,TRUE,TRUE,0,0
636,saffloer,nl,nl_636,overig boomteelt,overig,,,0.81,akkerbouw,other,14,arable,overig,akkerbouw,mais,boomteelt,carthamus tinctorius,overig,overig,bollensierteelt,TRUE,TRUE,TRUE,0,0
637,vrouwenmantel,nl,nl_637,natuur,overig,,,0.2,akkerbouw,nature,16,nature,overig,akkerbouw,mais,veeteelt,alchemila,overig,overig,bollensierteelt,TRUE,TRUE,TRUE,0,0
652,meekrap,nl,nl_652,overig boomteelt,overig,,,0.81,akkerbouw,other,14,arable,overig,akkerbouw,mais,boomteelt,rubia tinctorum,overig,overig,bollensierteelt,TRUE,TRUE,TRUE,0,0
653,teunisbloem,nl,nl_653,overig boomteelt,overig,700,0,0.81,akkerbouw,other,14,arable,overig,akkerbouw,mais,boomteelt,"","tulpen, narcis, hyacint",bloembollen,bollensierteelt,TRUE,TRUE,TRUE,0,0
654,brandnetel,nl,nl_654,natuur,overig,0,0,0.2,akkerbouw,other,14,arable,overig,akkerbouw,mais,veeteelt,urtica urens,overig,overig,bollensierteelt,TRUE,TRUE,TRUE,0,0
655,zwarte mosterd,nl,nl_655,overig boomteelt,overig,850,0,0.81,akkerbouw,other,14,arable,overig,akkerbouw,mais,boomteelt,brassica nigra,overig,overig,bollensierteelt,TRUE,TRUE,TRUE,0,0
656,zonnekroon,nl,nl_656,overig,rust,,,0.2,akkerbouw,other,14,arable,overig,akkerbouw,mais,veeteelt,silphium perfoliatum,overig,overig,bollensierteelt,TRUE,TRUE,TRUE,0,0
657,drachtplanten,nl,nl_657,natuur,overig,,,0.35,natuur,nature,16,nature,overig,akkerbouw,mais,veeteelt,"",overig,overig,bollensierteelt,TRUE,TRUE,TRUE,0,0
658,graansorgho,nl,nl_658,granen,overig,,,0.31,akkerbouw,other,2,arable,overig,akkerbouw,mais,akkerbouw,sorghum bicolor,zomergerst,graan,rustgewas,TRUE,TRUE,TRUE,0,0
659,boekweit,nl,nl_659,granen,overig,,,0.31,akkerbouw,other,2,arable,overig,akkerbouw,mais,akkerbouw,fagopyrum esculentum,zomergerst,graan,vanggewas,TRUE,TRUE,TRUE,0,0
660,gierst,nl,nl_660,granen,overig,1310,0,0.31,akkerbouw,other,2,arable,overig,akkerbouw,mais,akkerbouw,panicum miliaceum,zomergerst,graan,rustgewas,TRUE,TRUE,TRUE,0,0
661,overige granen,nl,nl_661,granen,rust,1600,0,0.31,akkerbouw,cereal,2,arable,overig,akkerbouw,mais,akkerbouw,"",zomergerst,graan,rustgewas,TRUE,TRUE,TRUE,0,0
662,bos (sbl-regeling),nl,nl_662,natuur,overig,,,0.81,natuur,nature,2,nature,overig,akkerbouw,mais,veeteelt,"",loofbos,bos,natuur,TRUE,FALSE,FALSE,0,0
663,"lupinen, niet bittere",nl,nl_663,overig,overig,,,0.2,akkerbouw,other,16,arable,overig,akkerbouw,mais,akkerbouw,lupinus,overig,overig,eiwitgewas,TRUE,TRUE,TRUE,0,0
664,raapzaad,nl,nl_664,overig,overig,,,0.32,akkerbouw,other,16,arable,overig,akkerbouw,mais,akkerbouw,brassica rapa,"prei, spruiten, koolsoorten",overig,rustgewas,TRUE,TRUE,TRUE,0,0
665,sojabonen,nl,nl_665,zomergroenten,overig,,,0.24,akkerbouw,other,16,arable,overig,akkerbouw,mais,groenteteelt,glycine max,snijmais,tuinbonen,eiwitgewas,TRUE,TRUE,TRUE,0,0
666,"vlas, olie-. lijnzaad niet van vezelvlas",nl,nl_666,overig,overig,,,0.33,akkerbouw,other,16,arable,overig,akkerbouw,mais,akkerbouw,"",overig,graan,rustgewas,TRUE,TRUE,TRUE,0,0
669,zwaardherik (aaltjesvanggewas),nl,nl_669,overig,overig,,,0.35,akkerbouw,other,16,arable,overig,akkerbouw,mais,akkerbouw,Eruca sativa,overig,overig,vanggewas,TRUE,TRUE,TRUE,0,0
670,japanse haver,nl,nl_670,granen,overig,850,0,0.31,akkerbouw,other,2,arable,overig,akkerbouw,mais,akkerbouw,avena strigosa,zomergerst,graan,rustgewas,TRUE,TRUE,TRUE,0,0
671,raketblad (aaltjesvanggewas),nl,nl_671,overig,overig,,,0.2,akkerbouw,other,16,arable,overig,akkerbouw,mais,akkerbouw,solanum sisymbriifolium,overig,overig,vanggewas,TRUE,TRUE,TRUE,0,0
672,groenten open grond (inclusief groentezaden),nl,nl_672,zomergroenten,overig,,,0.32,akkerbouw,other,16,arable,overig,akkerbouw,mais,groenteteelt,"",overige boomteelt,groenten,groenten,TRUE,TRUE,TRUE,10,150000
794,woudbomen met korte omlooptijd (excl. wilgenhakhout),nl,nl_794,boomteelt,overig,,,0.81,akkerbouw,other,13,arable,overig,akkerbouw,mais,boomteelt,"",overige boomteelt,jong bos,boomfruitteelt,TRUE,TRUE,TRUE,30,1250
795,wilgenhakhout,nl,nl_795,overig boomteelt,overig,,,0.81,akkerbouw,other,16,arable,overig,akkerbouw,mais,boomteelt,"",overig,jong bos,boomfruitteelt,TRUE,FALSE,FALSE,0,0
796,kerstbomen,nl,nl_796,boomteelt,overig,,,0.81,akkerbouw,other,13,arable,overig,akkerbouw,mais,boomteelt,"",naaldbos,jong bos,boomfruitteelt,TRUE,TRUE,TRUE,30,1250
799,"klaver, rode",nl,nl_799,overig boomteelt,rust,1200,0,0.81,akkerbouw,clover,16,arable,overig,akkerbouw,mais,boomteelt,trifolium pratense,overig,grasklaver,eiwitgewas,TRUE,TRUE,TRUE,0,0
800,rolklaver,nl,nl_800,overig boomteelt,rust,,,0.81,akkerbouw,other,16,arable,overig,akkerbouw,mais,boomteelt,lotus,overig,grasklaver,eiwitgewas,TRUE,TRUE,TRUE,0,0
801,esparcette,nl,nl_801,overig boomteelt,overig,,,0.81,akkerbouw,other,16,arable,overig,akkerbouw,mais,boomteelt,onobrychis viciifolia,overig,overig,eiwitgewas,TRUE,TRUE,TRUE,0,0
802,"wikke, bonte",nl,nl_802,overig boomteelt,overig,645,0,0.81,akkerbouw,other,16,arable,overig,akkerbouw,mais,boomteelt,vicia villosa,overig,overig,eiwitgewas,TRUE,TRUE,TRUE,0,0
803,"wikke, voeder-",nl,nl_803,overig boomteelt,overig,645,0,0.81,akkerbouw,other,16,arable,overig,akkerbouw,mais,boomteelt,vicia sativa,overig,overig,eiwitgewas,TRUE,TRUE,TRUE,0,0
804,klaverzaad,nl,nl_804,overig boomteelt,rust,1200,0,0.81,akkerbouw,clover,16,arable,overig,akkerbouw,mais,boomteelt,"",overig,grasklaver,eiwitgewas,FALSE,TRUE,TRUE,0,0
814,"mais, suiker-",nl,nl_814,snijmais,overig,660,,0.32,mais,mais,2,mais,overig,akkerbouw,mais,akkerbouw,"",snijmais,snijmais,mais,TRUE,TRUE,TRUE,0,0
853,"bonen, tuin- (droog te oogsten) (geen consumptie)",nl,nl_853,zomergroenten,overig,650,0,0.24,akkerbouw,other,7,arable,overig,akkerbouw,mais,groenteteelt,phaseolus vulgaris,"erwten, bonen",tuinbonen,eiwitgewas,TRUE,TRUE,TRUE,0,0
854,"bonen, tuin- (groen te oogsten)",nl,nl_854,zomergroenten,overig,650,0,0.24,akkerbouw,other,7,arable,overig,akkerbouw,mais,groenteteelt,phaseolus vulgaris,"erwten, bonen",tuinbonen,eiwitgewas,TRUE,TRUE,TRUE,0,0
859,"aardappelen, zetmeel geleverd aan buitenland",nl,nl_859,aardappel,rooivrucht,875,0,0.22,akkerbouw,starch,4,arable,overig,akkerbouw,mais,akkerbouw,solanum tuberosum,fabrieksaardappelen,aardappels,rooivrucht,TRUE,TRUE,TRUE,0,0
863,bos zonder herplantplicht,nl,nl_863,natuur,overig,,,0.81,natuur,nature,2,nature,overig,akkerbouw,mais,veeteelt,"",loofbos,bos,natuur,TRUE,FALSE,FALSE,0,0
864,bos (set aside regeling),nl,nl_864,natuur,overig,,,0.81,natuur,nature,2,nature,overig,akkerbouw,mais,veeteelt,"",loofbos,bos,natuur,TRUE,FALSE,FALSE,0,0
944,"hennep, vezel-",nl,nl_944,overig boomteelt,overig,660,0,0.81,akkerbouw,other,14,arable,overig,akkerbouw,mais,boomteelt,cannabis sativa,overig,overig,rustgewas,TRUE,TRUE,TRUE,0,0
964,"dahlia, overige bloemkwekerijgewassen",nl,nl_964,bloembollen,overig,750,0,0.28,akkerbouw,other,9,arable,overig,akkerbouw,mais,groenteteelt,dahlia,dahlia,bloembollen,bollensierteelt,TRUE,TRUE,TRUE,0,0
965,"dahlia, droogbloemen",nl,nl_965,bloembollen,overig,750,0,0.28,akkerbouw,other,9,arable,overig,akkerbouw,mais,groenteteelt,dahlia,dahlia,bloembollen,bollensierteelt,TRUE,TRUE,TRUE,0,0
967,"gladiool, overige bloemkwekerijgewassen",nl,nl_967,bloembollen,overig,1000,0,0.24,akkerbouw,other,14,arable,overig,akkerbouw,mais,groenteteelt,gladiolus communis,"tulpen, narcis, hyacint",bloembollen,bollensierteelt,TRUE,TRUE,TRUE,0,0
968,"gladiool, droogbloemen",nl,nl_968,bloembollen,overig,1000,0,0.24,akkerbouw,other,14,arable,overig,akkerbouw,mais,groenteteelt,gladiolus communis,"tulpen, narcis, hyacint",bloembollen,bollensierteelt,TRUE,TRUE,TRUE,0,0
970,"hyacint, overige bloemkwekerijgewassen",nl,nl_970,bloembollen,overig,350,0,0.24,akkerbouw,other,9,arable,overig,akkerbouw,mais,groenteteelt,hyacinthus orientalis,"tulpen, narcis, hyacint",bol en knolgewassen,bollensierteelt,TRUE,TRUE,TRUE,0,0
971,"hyacint, droogbloemen",nl,nl_971,bloembollen,overig,350,0,0.24,akkerbouw,other,9,arable,overig,akkerbouw,mais,groenteteelt,hyacinthus orientalis,"tulpen, narcis, hyacint",bol en knolgewassen,bollensierteelt,TRUE,TRUE,TRUE,0,0
973,"iris, overige bloemkwekerijgewassen",nl,nl_973,bloembollen,overig,400,0,0.24,akkerbouw,other,14,arable,overig,akkerbouw,mais,groenteteelt,iris germanica,"tulpen, narcis, hyacint",bloembollen,bollensierteelt,TRUE,TRUE,TRUE,0,0
974,"iris, droogbloemen",nl,nl_974,bloembollen,overig,400,0,0.24,akkerbouw,other,14,arable,overig,akkerbouw,mais,groenteteelt,iris germanica,"tulpen, narcis, hyacint",bloembollen,bollensierteelt,TRUE,TRUE,TRUE,0,0
976,"krokus, overige bloemkwekerijgewassen",nl,nl_976,bloembollen,overig,150,0,0.24,akkerbouw,other,14,arable,overig,akkerbouw,mais,groenteteelt,crocus,"tulpen, narcis, hyacint",bloembollen,bollensierteelt,TRUE,TRUE,TRUE,0,0
977,"krokus, droogbloemen",nl,nl_977,bloembollen,overig,150,0,0.24,akkerbouw,other,14,arable,overig,akkerbouw,mais,groenteteelt,crocus,"tulpen, narcis, hyacint",bloembollen,bollensierteelt,TRUE,TRUE,TRUE,0,0
979,"lelie, overige bloemkwekerijgewassen",nl,nl_979,bloembollen,overig,450,0,0.24,akkerbouw,other,14,arable,overig,akkerbouw,mais,groenteteelt,lilium,"tulpen, narcis, hyacint",bloembollen,bollensierteelt,TRUE,TRUE,TRUE,0,0
980,"lelie, droogbloemen",nl,nl_980,bloembollen,overig,450,0,0.24,akkerbouw,other,14,arable,overig,akkerbouw,mais,groenteteelt,lilium,"tulpen, narcis, hyacint",bloembollen,bollensierteelt,TRUE,TRUE,TRUE,0,0
982,"narcis, overige bloemkwekerijgewassen",nl,nl_982,bloembollen,overig,500,0,0.24,akkerbouw,other,14,arable,overig,akkerbouw,mais,groenteteelt,narcissus,"tulpen, narcis, hyacint",bloembollen,bollensierteelt,TRUE,TRUE,TRUE,0,0
983,"narcis, droogbloemen",nl,nl_983,bloembollen,overig,500,0,0.24,akkerbouw,other,14,arable,overig,akkerbouw,mais,groenteteelt,narcissus,"tulpen, narcis, hyacint",bloembollen,bollensierteelt,TRUE,TRUE,TRUE,0,0
985,"tulp, overige bloemkwekerijgewassen",nl,nl_985,bloembollen,overig,500,0,0.24,akkerbouw,other,14,arable,overig,akkerbouw,mais,groenteteelt,tulipa,"tulpen, narcis, hyacint",bloembollen,bollensierteelt,TRUE,TRUE,TRUE,0,0
986,"tulp, droogbloemen",nl,nl_986,bloembollen,overig,500,0,0.24,akkerbouw,other,14,arable,overig,akkerbouw,mais,groenteteelt,tulipa,"tulpen, narcis, hyacint",bloembollen,bollensierteelt,TRUE,TRUE,TRUE,0,0
988,"zantedeschia, overige bloemkwekerijgewassen",nl,nl_988,overig boomteelt,overig,0,0,0.81,akkerbouw,other,14,arable,overig,akkerbouw,mais,boomteelt,zantedeschia aethiopica,"tulpen, narcis, hyacint",bloembollen,bollensierteelt,TRUE,TRUE,TRUE,0,0
989,"zantedeschia, droogbloemen",nl,nl_989,overig boomteelt,overig,,,0.81,akkerbouw,other,14,arable,overig,akkerbouw,mais,groenteteelt,zantedeschia aethiopica,"tulpen, narcis, hyacint",bloembollen,bollensierteelt,TRUE,TRUE,TRUE,0,0
991,"overige bloemen, overige bloemkwekerijgewassen",nl,nl_991,overig boomteelt,overig,0,0,0.81,akkerbouw,other,14,arable,overig,akkerbouw,mais,boomteelt,"","tulpen, narcis, hyacint",bloembollen,bollensierteelt,TRUE,TRUE,TRUE,0,0
992,"overige bloemen, droogbloemen",nl,nl_992,overig boomteelt,overig,0,0,0.81,akkerbouw,other,14,arable,overig,akkerbouw,mais,boomteelt,"","tulpen, narcis, hyacint",bloembollen,bollensierteelt,TRUE,TRUE,TRUE,0,0
994,"amaryllis, overige bloemkwekerijgewassen",nl,nl_994,overig boomteelt,overig,,,0.81,akkerbouw,other,14,arable,overig,akkerbouw,mais,boomteelt,amaryllis belladonna,"tulpen, narcis, hyacint",bloembollen,bollensierteelt,TRUE,TRUE,TRUE,0,0
995,"amaryllis, droogbloemen",nl,nl_995,overig boomteelt,overig,,,0.81,akkerbouw,other,14,arable,overig,akkerbouw,mais,boomteelt,amaryllis belladonna,"tulpen, narcis, hyacint",bloembollen,bollensierteelt,TRUE,TRUE,TRUE,0,0
997,"dahlia, bloembollen en - knollen",nl,nl_997,bloembollen,overig,750,0,0.28,akkerbouw,other,9,arable,overig,akkerbouw,mais,groenteteelt,dahlia,dahlia,bloembollen,bollensierteelt,TRUE,TRUE,TRUE,0,0
998,"gladiool, bloembollen en - knollen",nl,nl_998,bloembollen,overig,1900,0,0.24,akkerbouw,other,10,arable,overig,akkerbouw,mais,groenteteelt,gladiolus communis,"tulpen, narcis, hyacint",bloembollen,bollensierteelt,TRUE,TRUE,TRUE,0,0
999,"hyacint, bloembollen en - knollen",nl,nl_999,bloembollen,overig,350,0,0.24,akkerbouw,other,9,arable,overig,akkerbouw,mais,groenteteelt,hyacinthus orientalis,"tulpen, narcis, hyacint",bol en knolgewassen,bollensierteelt,TRUE,TRUE,TRUE,0,0
1000,"iris, bloembollen en -knollen",nl,nl_1000,bloembollen,overig,400,0,0.24,akkerbouw,other,10,arable,overig,akkerbouw,mais,groenteteelt,iris germanica,"tulpen, narcis, hyacint",bloembollen,bollensierteelt,TRUE,TRUE,TRUE,0,0
1001,"krokus, bloembollen en - knollen",nl,nl_1001,bloembollen,overig,150,0,0.24,akkerbouw,other,10,arable,overig,akkerbouw,mais,groenteteelt,crocus,"tulpen, narcis, hyacint",bloembollen,bollensierteelt,TRUE,TRUE,TRUE,0,0
1002,"lelie, bloembollen en -knollen",nl,nl_1002,bloembollen,overig,450,0,0.24,akkerbouw,other,10,arable,overig,akkerbouw,mais,groenteteelt,lilium,"tulpen, narcis, hyacint",bloembollen,bollensierteelt,TRUE,TRUE,TRUE,0,0
1003,"narcis, bloembollen en -knollen",nl,nl_1003,bloembollen,overig,500,0,0.24,akkerbouw,other,10,arable,overig,akkerbouw,mais,groenteteelt,narcissus,"tulpen, narcis, hyacint",bloembollen,bollensierteelt,TRUE,TRUE,TRUE,0,0
1004,"tulp, bloembollen en -knollen",nl,nl_1004,bloembollen,overig,500,0,0.24,akkerbouw,other,10,arable,overig,akkerbouw,mais,groenteteelt,tulipa,"tulpen, narcis, hyacint",bloembollen,bollensierteelt,TRUE,TRUE,TRUE,0,0
1005,"zantedeschia, bloembollen en -knollen",nl,nl_1005,bloembollen,overig,0,0,0.24,akkerbouw,other,10,arable,overig,akkerbouw,mais,groenteteelt,zantedeschia aethiopica,"tulpen, narcis, hyacint",bloembollen,bollensierteelt,TRUE,TRUE,TRUE,0,0
1006,"overige bloemen, bloembollen en -knollen",nl,nl_1006,bloembollen,overig,0,0,0.24,akkerbouw,other,10,arable,overig,akkerbouw,mais,groenteteelt,"","tulpen, narcis, hyacint",bloembollen,bollensierteelt,TRUE,TRUE,TRUE,0,0
1007,"amaryllis, bloembollen en -knollen",nl,nl_1007,bloembollen,overig,,,0.24,akkerbouw,other,10,arable,overig,akkerbouw,mais,groenteteelt,amaryllis belladonna,"tulpen, narcis, hyacint",bloembollen,bollensierteelt,TRUE,TRUE,TRUE,0,0
1010,"sierui, overige bloemkwekerijgewassen",nl,nl_1010,overig boomteelt,overig,500,0,0.81,akkerbouw,other,14,arable,overig,akkerbouw,mais,boomteelt,allium cepa,"tulpen, narcis, hyacint",bloembollen,bollensierteelt,TRUE,TRUE,TRUE,0,0
1011,"sierui, droogbloemen",nl,nl_1011,overig boomteelt,overig,500,0,0.81,akkerbouw,other,14,arable,overig,akkerbouw,mais,groenteteelt,allium cepa,"tulpen, narcis, hyacint",bloembollen,bollensierteelt,TRUE,TRUE,TRUE,0,0
1012,"sierui, bloembollen en -knollen",nl,nl_1012,bloembollen,overig,500,0,0.24,akkerbouw,other,10,arable,overig,akkerbouw,mais,groenteteelt,allium cepa,"tulpen, narcis, hyacint",bloembollen,bollensierteelt,TRUE,TRUE,TRUE,0,0
1013,"blauw druifje, overige bloemkwekerijgewassen",nl,nl_1013,overig boomteelt,overig,,,0.81,akkerbouw,other,14,arable,overig,akkerbouw,mais,boomteelt,muscari botryoides,"tulpen, narcis, hyacint",bol en knolgewassen,bollensierteelt,TRUE,TRUE,TRUE,0,0
1014,"blauw druifje, droogbloemen",nl,nl_1014,overig boomteelt,overig,,,0.81,akkerbouw,other,14,arable,overig,akkerbouw,mais,boomteelt,muscari botryoides,"tulpen, narcis, hyacint",bol en knolgewassen,bollensierteelt,TRUE,TRUE,TRUE,0,0
1015,"blauw druifje, bloembollen en -knollen",nl,nl_1015,bloembollen,overig,,,0.24,akkerbouw,other,10,arable,overig,akkerbouw,mais,groenteteelt,muscari botryoides,"tulpen, narcis, hyacint",bol en knolgewassen,bollensierteelt,TRUE,TRUE,TRUE,0,0
1016,"kuifhyacint, overige bloemkwekerijgewassen",nl,nl_1016,overig boomteelt,overig,350,0,0.81,akkerbouw,other,14,arable,overig,akkerbouw,mais,boomteelt,leopoldia comosa,"tulpen, narcis, hyacint",bol en knolgewassen,bollensierteelt,TRUE,TRUE,TRUE,0,0
1017,"kuifhyacint, droogbloemen",nl,nl_1017,overig boomteelt,overig,350,0,0.81,akkerbouw,other,14,arable,overig,akkerbouw,mais,groenteteelt,leopoldia comosa,"tulpen, narcis, hyacint",bol en knolgewassen,bollensierteelt,TRUE,TRUE,TRUE,0,0
1018,"kuifhyacint, bloembollen en -knollen",nl,nl_1018,overig boomteelt,overig,350,0,0.81,akkerbouw,other,10,arable,overig,akkerbouw,mais,groenteteelt,leopoldia comosa,"tulpen, narcis, hyacint",bol en knolgewassen,bollensierteelt,TRUE,TRUE,TRUE,0,0
1019,"valeriaan, productie",nl,nl_1019,overig boomteelt,overig,,,0.81,akkerbouw,other,14,arable,overig,akkerbouw,mais,boomteelt,valeriana officinalis,overig,overig,bollensierteelt,TRUE,TRUE,TRUE,0,0
1020,"valeriaan, zaden en opkweekmateriaal",nl,nl_1020,overig boomteelt,overig,,,0.81,akkerbouw,other,14,arable,overig,akkerbouw,mais,boomteelt,valeriana officinalis,overig,overig,bollensierteelt,TRUE,TRUE,TRUE,0,0
1021,knoflook,nl,nl_1021,zomergroenten,overig,300,0,0.24,akkerbouw,other,16,arable,overig,akkerbouw,mais,groenteteelt,allium sativum,"witlof, selderij, uien",bol en knolgewassen,groenten,TRUE,TRUE,TRUE,0,0
1022,quinoa,nl,nl_1022,zomergroenten,overig,,,0.31,akkerbouw,other,16,arable,overig,akkerbouw,mais,groenteteelt,chenopodium quinoa,"witlof, selderij, uien",overig,rustgewas,TRUE,TRUE,TRUE,0,0
1023,"pastinaak, productie",nl,nl_1023,zomergroenten,overig,,,0.24,akkerbouw,other,16,arable,overig,akkerbouw,mais,groenteteelt,pastinaca sativa,"witlof, selderij, uien",bol en knolgewassen,groenten,TRUE,TRUE,TRUE,0,0
1024,"pastinaak, zaden en opkweekmateriaal",nl,nl_1024,zomergroenten,overig,,,0.32,akkerbouw,other,16,arable,overig,akkerbouw,mais,groenteteelt,pastinaca sativa,"witlof, selderij, uien",bol en knolgewassen,groenten,TRUE,TRUE,TRUE,0,0
1025,"pioenroos, overige bloemkwekerijgewassen",nl,nl_1025,overig boomteelt,overig,0,0,0.81,akkerbouw,other,14,arable,overig,akkerbouw,mais,boomteelt,paeonia,"tulpen, narcis, hyacint",bloembollen,bollensierteelt,TRUE,TRUE,TRUE,0,0
1026,"pioenroos, droogbloemen",nl,nl_1026,overig boomteelt,overig,0,0,0.81,akkerbouw,other,14,arable,overig,akkerbouw,mais,boomteelt,paeonia,"tulpen, narcis, hyacint",bloembollen,bollensierteelt,TRUE,TRUE,TRUE,0,0
1027,"pioenroos, bloembollen en -knollen",nl,nl_1027,bloembollen,overig,0,0,0.24,akkerbouw,other,10,arable,overig,akkerbouw,mais,groenteteelt,paeonia,"tulpen, narcis, hyacint",bloembollen,bollensierteelt,TRUE,TRUE,TRUE,0,0
1028,"lavas (maggiplant), productie",nl,nl_1028,overig boomteelt,overig,,,0.81,akkerbouw,other,13,arable,overig,akkerbouw,mais,boomteelt,levisticum officinale,overig,overig,bollensierteelt,TRUE,TRUE,TRUE,0,0
1029,"lavas (maggiplant), zaden en opkweekmateriaal",nl,nl_1029,overig boomteelt,overig,,,0.81,akkerbouw,other,16,arable,overig,akkerbouw,mais,akkerbouw,levisticum officinale,overig,overig,bollensierteelt,TRUE,TRUE,TRUE,0,0
1030,"wilde marjolein (oregano), productie",nl,nl_1030,overig boomteelt,overig,,,0.81,akkerbouw,other,14,arable,overig,akkerbouw,mais,boomteelt,origanum vulgare,overig,overig,bollensierteelt,TRUE,TRUE,TRUE,0,0
1031,"wilde marjolein (oregano), zaden en opkweekmateriaal",nl,nl_1031,overig boomteelt,overig,,,0.81,akkerbouw,other,16,arable,overig,akkerbouw,mais,groenteteelt,origanum vulgare,overig,overig,bollensierteelt,TRUE,TRUE,TRUE,0,0
1032,goudsbloem,nl,nl_1032,overig boomteelt,overig,0,0,0.81,akkerbouw,other,14,arable,overig,akkerbouw,mais,boomteelt,"","tulpen, narcis, hyacint",bloembollen,bollensierteelt,TRUE,TRUE,TRUE,0,0
1033,igniscum candy,nl,nl_1033,overig boomteelt,overig,,,0.81,akkerbouw,other,14,arable,overig,akkerbouw,mais,boomteelt,polygonaceae,overig,overig,bollensierteelt,TRUE,TRUE,TRUE,0,0
1034,kanariezaad,nl,nl_1034,overig boomteelt,overig,,,0.81,akkerbouw,other,14,arable,overig,akkerbouw,mais,boomteelt,phalaris canariensis,overig,overig,bollensierteelt,TRUE,TRUE,TRUE,0,0
1035,naaldaar (setaria),nl,nl_1035,overig boomteelt,overig,,,0.81,akkerbouw,other,14,arable,overig,akkerbouw,mais,boomteelt,setaria,overig,overig,gras_tijdelijk,FALSE,TRUE,TRUE,0,0
1036,wortelpeterselie,nl,nl_1036,zomergroenten,overig,250,0,0.2,akkerbouw,other,16,arable,overig,akkerbouw,mais,groenteteelt,petroselinum crispum,"witlof, selderij, uien",overig,groenten,TRUE,TRUE,TRUE,0,0
1037,"peterselie, productie",nl,nl_1037,zomergroenten,overig,250,0,0.2,akkerbouw,other,16,arable,overig,akkerbouw,mais,groenteteelt,petroselinum crispum,"witlof, selderij, uien",overig,rustgewas,TRUE,TRUE,TRUE,0,0
1038,"peterselie, zaden en opkweekmateriaal",nl,nl_1038,zomergroenten,overig,250,0,0.32,akkerbouw,other,16,arable,overig,akkerbouw,mais,groenteteelt,petroselinum crispum,"witlof, selderij, uien",overig,groenten,TRUE,TRUE,TRUE,0,0
1039,"chrysant, overige bloemkwekerijgewassen",nl,nl_1039,overig boomteelt,overig,0,0,0.81,akkerbouw,other,14,arable,overig,akkerbouw,mais,boomteelt,chrysanthemum,"tulpen, narcis, hyacint",overig,bollensierteelt,TRUE,TRUE,TRUE,0,0
1040,"chrysant, droogbloemen",nl,nl_1040,overig boomteelt,overig,750,0,0.81,akkerbouw,other,14,arable,overig,akkerbouw,mais,groenteteelt,chrysanthemum,"tulpen, narcis, hyacint",bloembollen,bollensierteelt,TRUE,TRUE,TRUE,0,0
1042,"angelica, productie",nl,nl_1042,overig boomteelt,overig,,,0.81,akkerbouw,other,14,arable,overig,akkerbouw,mais,boomteelt,angelica,overig,overig,bollensierteelt,TRUE,TRUE,TRUE,0,0
1043,"angelica, zaden en opkweekmateriaal",nl,nl_1043,overig boomteelt,overig,,,0.81,akkerbouw,other,14,arable,overig,akkerbouw,mais,boomteelt,angelica,overig,overig,bollensierteelt,TRUE,TRUE,TRUE,0,0
1044,papaver,nl,nl_1044,overig boomteelt,overig,,,0.81,akkerbouw,other,14,arable,overig,akkerbouw,mais,boomteelt,papaver,overig,overig,bollensierteelt,TRUE,TRUE,TRUE,0,0
1045,adonis,nl,nl_1045,overig boomteelt,overig,,,0.81,akkerbouw,other,14,arable,overig,akkerbouw,mais,boomteelt,adonis,overig,bloembollen,bollensierteelt,TRUE,TRUE,TRUE,0,0
1046,vergeet mij nietje,nl,nl_1046,overig boomteelt,overig,,,0.81,akkerbouw,other,14,arable,overig,akkerbouw,mais,boomteelt,myosotis,overig,bloembollen,bollensierteelt,TRUE,TRUE,TRUE,0,0
1047,cranberry,nl,nl_1047,overig boomteelt,overig,,,0.81,akkerbouw,other,14,arable,overig,akkerbouw,mais,boomteelt,vaccinium macrocarpon,overig,fruit,bollensierteelt,TRUE,TRUE,TRUE,0,0
1048,"echinacea (zonnehoed), productie",nl,nl_1048,overig boomteelt,overig,,,0.81,akkerbouw,other,14,arable,overig,akkerbouw,mais,boomteelt,echinacea,overig,bloembollen,bollensierteelt,TRUE,TRUE,TRUE,0,0
1049,"echinacea (zonnehoed), zaden en opkweekmateriaal",nl,nl_1049,overig boomteelt,overig,,,0.81,akkerbouw,other,14,arable,overig,akkerbouw,mais,boomteelt,echinacea,overig,bloembollen,bollensierteelt,TRUE,TRUE,TRUE,0,0
1050,leeuwenbekjes,nl,nl_1050,overig boomteelt,overig,,,0.81,akkerbouw,other,14,arable,overig,akkerbouw,mais,boomteelt,antirrhinum,overig,bloembollen,bollensierteelt,TRUE,TRUE,TRUE,0,0
1051,"iris, bolvormend",nl,nl_1051,bloembollen,overig,400,0,0.24,akkerbouw,other,10,arable,overig,akkerbouw,mais,groenteteelt,iris germanica,"tulpen, narcis, hyacint",bloembollen,bollensierteelt,TRUE,TRUE,TRUE,0,0
1052,"iris, rhizoomvormend",nl,nl_1052,bloembollen,overig,400,0,0.24,akkerbouw,other,10,arable,overig,akkerbouw,mais,groenteteelt,iris germanica,"tulpen, narcis, hyacint",bloembollen,bollensierteelt,TRUE,TRUE,TRUE,0,0
1053,"palmen, pot- en containervelden",nl,nl_1053,boomteelt,overig,0,0,0.81,akkerbouw,other,16,arable,overig,akkerbouw,mais,boomteelt,"",overig,overig,boomfruitteelt,TRUE,TRUE,TRUE,,
1054,"pioenroos, vermeerdering",nl,nl_1054,overig boomteelt,overig,0,0,0.81,akkerbouw,other,14,arable,overig,akkerbouw,mais,boomteelt,paeonia,"tulpen, narcis, hyacint",bloembollen,bollensierteelt,TRUE,TRUE,TRUE,0,0
1055,"chrysant, vermeerdering",nl,nl_1055,overig boomteelt,overig,750,0,0.81,akkerbouw,other,14,arable,overig,akkerbouw,mais,veeteelt,chrysanthemum,"tulpen, narcis, hyacint",overig,bollensierteelt,TRUE,TRUE,TRUE,0,0
1067,"bos- en haagplanten, open grond,",nl,nl_1067,overig boomteelt,overig,,,0.81,akkerbouw,other,13,arable,overig,akkerbouw,mais,boomteelt,"",loofbos,jong bos,boomfruitteelt,TRUE,TRUE,TRUE,0,0
1068,"buxus, open grond,",nl,nl_1068,overig boomteelt,overig,0,0,0.81,akkerbouw,other,16,arable,overig,akkerbouw,mais,boomteelt,buxus,overige boomteelt,jong bos,boomfruitteelt,TRUE,TRUE,TRUE,10,150000
1069,"ericaceae (zoals erica, calluna, rododendron, azalea), open grond,",nl,nl_1069,overig boomteelt,overig,0,,0.81,akkerbouw,other,14,arable,overig,akkerbouw,mais,boomteelt,ericaceae,overige boomteelt,jong bos,bollensierteelt,TRUE,TRUE,TRUE,10,150000
1070,"laanbomen/parkbomen, onderstammen, open grond,",nl,nl_1070,boomteelt,overig,1175,0,0.81,akkerbouw,other,15,arable,overig,akkerbouw,mais,boomteelt,"",laanbomen_onderstammen,jong bos,boomfruitteelt,TRUE,TRUE,TRUE,30,1250
1071,"laanbomen/parkbomen, opzetters, open grond,",nl,nl_1071,boomteelt,overig,1175,0,0.81,akkerbouw,other,15,arable,overig,akkerbouw,mais,boomteelt,"",laanbomen_onderstammen,jong bos,boomfruitteelt,TRUE,TRUE,TRUE,30,1250
1072,"laanbomen/parkbomen, spillen, open grond,",nl,nl_1072,boomteelt,overig,1175,0,0.81,akkerbouw,other,15,arable,overig,akkerbouw,mais,boomteelt,"",laanbomen_onderstammen,jong bos,boomfruitteelt,TRUE,TRUE,TRUE,30,1250
1073,"rozenstruiken (incl, zaailingen en onderstammen), open grond,",nl,nl_1073,overig boomteelt,overig,0,0,0.81,akkerbouw,other,15,arable,overig,akkerbouw,mais,boomteelt,rosa,laanbomen_onderstammen,jong bos,bollensierteelt,TRUE,TRUE,TRUE,20,10000
1074,"sierconiferen, open grond,",nl,nl_1074,overig boomteelt,overig,0,0,0.81,akkerbouw,other,14,arable,overig,akkerbouw,mais,boomteelt,coniferales,overige boomteelt,jong bos,boomfruitteelt,TRUE,TRUE,TRUE,30,1250
1075,"sierheesters en klimplanten, open grond,",nl,nl_1075,overig boomteelt,overig,0,0,0.81,akkerbouw,other,13,arable,overig,akkerbouw,mais,boomteelt,"",overige boomteelt,jong bos,bollensierteelt,TRUE,TRUE,TRUE,20,10000
1076,"trek- en besheesters, open grond,",nl,nl_1076,overig boomteelt,overig,0,0,0.81,akkerbouw,other,13,arable,overig,akkerbouw,mais,boomteelt,"",overige boomteelt,jong bos,boomfruitteelt,TRUE,TRUE,TRUE,20,10000
1077,"vruchtbomen, moerbomen, open grond,",nl,nl_1077,boomteelt,overig,1175,0,0.81,akkerbouw,other,13,arable,overig,akkerbouw,mais,boomteelt,"",overige boomteelt,jong bos,boomfruitteelt,TRUE,TRUE,TRUE,30,1250
1078,"vruchtbomen, onderstammen, open grond,",nl,nl_1078,boomteelt,overig,1175,0,0.81,akkerbouw,other,15,arable,overig,akkerbouw,mais,boomteelt,"",laanbomen_onderstammen,jong bos,boomfruitteelt,TRUE,TRUE,TRUE,30,1250
1079,"vruchtbomen, overig, open grond,",nl,nl_1079,boomteelt,overig,1175,0,0.81,akkerbouw,other,13,arable,overig,akkerbouw,mais,boomteelt,"",overige boomteelt,jong bos,boomfruitteelt,TRUE,TRUE,TRUE,30,1250
1080,"vaste planten, open grond,",nl,nl_1080,overig boomteelt,overig,0,0,0.81,akkerbouw,other,13,arable,overig,akkerbouw,mais,boomteelt,"",overige boomteelt,jong bos,boomfruitteelt,TRUE,TRUE,TRUE,20,10000
1081,"bos- en haagplanten, pot- en containerveld,",nl,nl_1081,overig boomteelt,overig,,,0.81,akkerbouw,other,13,arable,overig,akkerbouw,mais,boomteelt,"",loofbos,jong bos,boomfruitteelt,TRUE,TRUE,TRUE,,
1082,"buxus, pot- en containerveld,",nl,nl_1082,overig boomteelt,overig,0,0,0.81,akkerbouw,other,13,arable,overig,akkerbouw,mais,boomteelt,buxus,overig,jong bos,boomfruitteelt,TRUE,TRUE,TRUE,,
1083,"ericaceae (zoals erica, calluna, rododendron, azalea), pot- en containerveld,",nl,nl_1083,overig boomteelt,overig,0,,0.81,akkerbouw,other,14,arable,overig,akkerbouw,mais,boomteelt,ericaceae,overig,jong bos,bollensierteelt,TRUE,TRUE,TRUE,,
1084,"laanbomen/parkbomen, onderstammen, pot- en containerveld,",nl,nl_1084,boomteelt,overig,0,0,0.81,akkerbouw,other,15,arable,overig,akkerbouw,mais,boomteelt,"",overige boomteelt,jong bos,boomfruitteelt,TRUE,TRUE,TRUE,,
1085,"laanbomen/parkbomen, opzetters, pot- en containerveld,",nl,nl_1085,boomteelt,overig,0,0,0.81,akkerbouw,other,15,arable,overig,akkerbouw,mais,boomteelt,"",overige boomteelt,jong bos,boomfruitteelt,TRUE,TRUE,TRUE,,
1086,"laanbomen/parkbomen, spillen, pot- en containerveld,",nl,nl_1086,boomteelt,overig,0,0,0.81,akkerbouw,other,15,arable,overig,akkerbouw,mais,boomteelt,"",overige boomteelt,jong bos,boomfruitteelt,TRUE,TRUE,TRUE,,
1087,"rozenstruiken (incl, zaailingen en onderstammen), pot- en containerveld,",nl,nl_1087,overig boomteelt,overig,0,0,0.81,akkerbouw,other,15,arable,overig,akkerbouw,mais,boomteelt,rosa,overig,jong bos,bollensierteelt,TRUE,TRUE,TRUE,,
1088,"sierconiferen, pot- en containerveld,",nl,nl_1088,overig boomteelt,overig,0,0,0.81,akkerbouw,other,13,arable,overig,akkerbouw,mais,boomteelt,coniferales,overig,jong bos,boomfruitteelt,TRUE,TRUE,TRUE,,
1089,"sierheesters en klimplanten, pot- en containerveld,",nl,nl_1089,overig boomteelt,overig,0,0,0.81,akkerbouw,other,13,arable,overig,akkerbouw,mais,boomteelt,"",overig,jong bos,bollensierteelt,TRUE,TRUE,TRUE,,
1090,"trek- en besheesters, pot- en containerveld,",nl,nl_1090,overig boomteelt,overig,0,0,0.81,akkerbouw,other,13,arable,overig,akkerbouw,mais,boomteelt,"",overig,jong bos,boomfruitteelt,TRUE,TRUE,TRUE,,
1091,"vruchtbomen, moerbomen, pot- en containerveld,",nl,nl_1091,boomteelt,overig,0,0,0.81,akkerbouw,other,13,arable,overig,akkerbouw,mais,boomteelt,"",overige boomteelt,jong bos,boomfruitteelt,TRUE,TRUE,TRUE,,
1092,"vruchtbomen, onderstammen, pot- en containerveld,",nl,nl_1092,boomteelt,overig,0,0,0.81,akkerbouw,other,15,arable,overig,akkerbouw,mais,boomteelt,"",overige boomteelt,jong bos,boomfruitteelt,TRUE,TRUE,TRUE,,
1093,"vruchtbomen, overig, pot- en containerveld,",nl,nl_1093,boomteelt,overig,0,0,0.81,akkerbouw,other,13,arable,overig,akkerbouw,mais,boomteelt,"",overige boomteelt,jong bos,boomfruitteelt,TRUE,TRUE,TRUE,,
1094,"vaste planten, pot- en containerteelt,",nl,nl_1094,overig boomteelt,overig,0,0,0.81,akkerbouw,other,13,arable,overig,akkerbouw,mais,boomteelt,"",overig,jong bos,boomfruitteelt,TRUE,TRUE,TRUE,,
1095,appelen. aangeplant lopende seizoen.,nl,nl_1095,groot fruit,overig,4600,0,0.81,akkerbouw,other,12,arable,overig,akkerbouw,mais,boomteelt,malus,groot fruit,fruit,boomfruitteelt,TRUE,TRUE,TRUE,30,1250
1096,appelen. aangeplant voorafgaande aan lopende seizoen.,nl,nl_1096,groot fruit,overig,4600,0,0.81,akkerbouw,other,12,arable,overig,akkerbouw,mais,boomteelt,malus,groot fruit,fruit,boomfruitteelt,TRUE,TRUE,TRUE,30,1250
1097,peren. aangeplant lopende seizoen.,nl,nl_1097,groot fruit,overig,5700,0,0.81,akkerbouw,other,12,arable,overig,akkerbouw,mais,boomteelt,pyrus,groot fruit,fruit,boomfruitteelt,TRUE,TRUE,TRUE,30,1250
1098,peren. aangeplant voorafgaande aan lopende seizoen.,nl,nl_1098,groot fruit,overig,5700,0,0.81,akkerbouw,other,12,arable,overig,akkerbouw,mais,boomteelt,pyrus,groot fruit,fruit,boomfruitteelt,TRUE,TRUE,TRUE,30,1250
1099,wijndruiven,nl,nl_1099,klein fruit,overig,0,0,0.81,akkerbouw,other,12,arable,overig,akkerbouw,mais,boomteelt,vitis vinifera,klein fruit,fruit,boomfruitteelt,TRUE,TRUE,TRUE,20,10000
1100,"overige pit- en steenvruchten (zoals perziken, tafeldruiven)",nl,nl_1100,klein fruit,overig,,,0.81,akkerbouw,other,12,arable,overig,akkerbouw,mais,boomteelt,"",groot fruit,fruit,boomfruitteelt,TRUE,TRUE,TRUE,30,1250
1570,klaverzaad,nl,nl_1570,overig,rust,1200,0,0.32,akkerbouw,clover,16,arable,overig,akkerbouw,mais,akkerbouw,"",overig,grasklaver,eiwitgewas,TRUE,TRUE,TRUE,0,0
1574,definitief aan de landbouw onttrokken cultuurgrond,nl,nl_1574,natuur,overig,,,0.35,natuur,nature,2,nature,overig,akkerbouw,mais,veeteelt,"",overig,natuurlijk grasland,natuur,TRUE,FALSE,FALSE,0,0
1575,faunaranden,nl,nl_1575,natuur,overig,,,0.35,natuur,nature,2,nature,overig,akkerbouw,mais,veeteelt,"",overig,natuurlijk grasland,randensloot,TRUE,FALSE,TRUE,0,0
1697,hazelnoten,nl,nl_1697,overig,overig,,,0.35,akkerbouw,other,16,arable,overig,akkerbouw,mais,akkerbouw,corylus avellana,groot fruit,fruit,natuur,TRUE,FALSE,TRUE,30,1250
1698,walnoten,nl,nl_1698,overig,overig,,,0.35,akkerbouw,other,16,arable,overig,akkerbouw,mais,akkerbouw,juglans regia,groot fruit,fruit,boomfruitteelt,TRUE,FALSE,TRUE,30,1250
1869,"bessen, blauwe",nl,nl_1869,klein fruit,overig,2850,0,0.81,akkerbouw,other,12,arable,overig,akkerbouw,mais,boomteelt,vaccinium corymbosum,klein fruit,fruit,boomfruitteelt,TRUE,TRUE,TRUE,20,10000
1870,pruimen,nl,nl_1870,groot fruit,overig,5600,0,0.81,akkerbouw,other,12,arable,overig,akkerbouw,mais,boomteelt,prunus,groot fruit,fruit,boomfruitteelt,TRUE,TRUE,TRUE,30,1250
1872,"kersen, zuur (opbrengst bestemd voor verwerkende industrie)",nl,nl_1872,klein fruit,overig,,,0.81,akkerbouw,other,12,arable,overig,akkerbouw,mais,boomteelt,prunus,groot fruit,fruit,boomfruitteelt,TRUE,TRUE,TRUE,30,1250
1873,"bessen, zwarte (opbrengst verwerkt voor verwerkende industrie)",nl,nl_1873,klein fruit,overig,2850,0,0.81,akkerbouw,other,12,arable,overig,akkerbouw,mais,boomteelt,ribes nigrum,klein fruit,fruit,boomfruitteelt,TRUE,TRUE,TRUE,20,10000
1874,"overig kleinfruit (zoals kruisbessen, kiwi's)",nl,nl_1874,klein fruit,overig,0,0,0.81,akkerbouw,other,12,arable,overig,akkerbouw,mais,boomteelt,"",klein fruit,fruit,boomfruitteelt,TRUE,TRUE,TRUE,20,10000
1876,snijgroen,nl,nl_1876,bladgroenten,overig,0,0,0.35,akkerbouw,other,9,arable,overig,akkerbouw,mais,groenteteelt,"",overig,overig,groenten,TRUE,TRUE,TRUE,0,0
1909,"aardappelen, consumptie- op kleigrond",nl,nl_1909,aardappel,rooivrucht,875,0,0.22,akkerbouw,potato,5,arable,overig,akkerbouw,mais,akkerbouw,solanum tuberosum,aardappelen,aardappels,rooivrucht,TRUE,TRUE,TRUE,0,0
1910,"aardappelen, consumptie- op zand-/veengrond",nl,nl_1910,aardappel,rooivrucht,875,0,0.22,akkerbouw,potato,5,arable,overig,akkerbouw,mais,akkerbouw,solanum tuberosum,aardappelen,aardappels,rooivrucht,TRUE,TRUE,TRUE,0,0
1911,"aardappelen, cons. op kleigrond (vroeg, loofver voor 15-07)",nl,nl_1911,aardappel,rooivrucht,875,0,0.22,akkerbouw,potato,5,arable,overig,akkerbouw,mais,akkerbouw,solanum tuberosum,aardappelen,aardappels,rooivrucht,TRUE,TRUE,TRUE,0,0
1912,"aardappelen, cons. op zand/veen (vroeg, loofver voor 15-07)",nl,nl_1912,aardappel,rooivrucht,875,0,0.22,akkerbouw,potato,5,arable,overig,akkerbouw,mais,akkerbouw,solanum tuberosum,aardappelen,aardappels,rooivrucht,TRUE,TRUE,TRUE,0,0
1914,"graszaad, overig",nl,nl_1914,grasland met herinzaai,rust,2300,0,0.32,grasland,grass,1,gras,gras,gras,gras,veeteelt,gras overig,graszaad,grasland,gras_tijdelijk,FALSE,TRUE,TRUE,0,0
1915,"graszaad, rietzwenkgras",nl,nl_1915,grasland met herinzaai,rust,2300,0,0.32,grasland,grass,1,gras,gras,gras,gras,veeteelt,Festuca arundinacea,beweid bemaaid gras,grasland,gras_tijdelijk,FALSE,TRUE,TRUE,0,0
1916,"graszaad, veldbeemd",nl,nl_1916,grasland met herinzaai,rust,2300,0,0.32,grasland,grass,1,gras,gras,gras,gras,veeteelt,poa pratensis,graszaad,grasland,gras_tijdelijk,FALSE,TRUE,TRUE,0,0
1917,"graszaad, roodzwenkgras, 1e jaar",nl,nl_1917,grasland met herinzaai,rust,1175,0,0.32,grasland,grass,1,gras,gras,gras,gras,veeteelt,festuca rubra,beweid bemaaid gras,grasland,gras_tijdelijk,FALSE,TRUE,TRUE,0,0
1918,"graszaad, roodzwenkgras, overjarig",nl,nl_1918,grasland met herinzaai,rust,2300,0,0.32,grasland,grass,1,gras,gras,gras,gras,veeteelt,festuca rubra,beweid bemaaid gras,grasland,gras_tijdelijk,FALSE,TRUE,TRUE,0,0
1919,"graszaad, westerwolds",nl,nl_1919,grasland met herinzaai,rust,2300,0,0.32,grasland,grass,1,gras,gras,gras,gras,veeteelt,lolium multiflorum,graszaad,grasland,gras_tijdelijk,FALSE,TRUE,TRUE,0,0
1920,"graszaad, italiaans",nl,nl_1920,grasland met herinzaai,rust,2300,0,0.32,grasland,grass,1,gras,gras,gras,gras,veeteelt,lolium multiflorum,graszaad,grasland,gras_tijdelijk,FALSE,TRUE,TRUE,0,0
1921,graszoden,nl,nl_1921,grasland zonder herinzaai,rust,2300,0,0.35,grasland,grass,1,gras,gras,gras,gras,veeteelt,gras overig,graszaad,grasland,gras_tijdelijk,FALSE,TRUE,TRUE,0,0
1922,"koolzaad, winter (incl. boterzaad)",nl,nl_1922,zomergroenten,rust,975,0,0.32,akkerbouw,rapeseed,2,arable,overig,akkerbouw,mais,groenteteelt,brassica oleracea,"prei, spruiten, koolsoorten",overig,rustgewas,TRUE,TRUE,TRUE,0,0
1923,"koolzaad, zomer (incl. boterzaad)",nl,nl_1923,zomergroenten,rust,975,0,0.32,akkerbouw,rapeseed,2,arable,overig,akkerbouw,mais,groenteteelt,brassica oleracea,"prei, spruiten, koolsoorten",bloemkool,rustgewas,TRUE,TRUE,TRUE,0,0
1925,overige akkerbouwgewassen,nl,nl_1925,aardappel,overig,0,0,0.35,akkerbouw,other,4,arable,overig,akkerbouw,mais,akkerbouw,"",overig,overig,groenten,TRUE,TRUE,TRUE,0,0
1926,agrarisch natuurmengsel,nl,nl_1926,natuur,rust,,,0.35,natuur,nature,2,nature,gras,gras,gras,veeteelt,"",overig,natuurlijk grasland,natuur,TRUE,FALSE,TRUE,0,0
1927,overige akkerbouwgewassen,nl,nl_1927,overig,overig,,,0.35,akkerbouw,other,16,arable,overig,akkerbouw,mais,akkerbouw,"",overig,overig,groenten,TRUE,TRUE,TRUE,0,0
1928,"aardappelrassen, poot- op kleigrond",nl,nl_1928,aardappel,rooivrucht,875,0,0.22,akkerbouw,potato,3,arable,overig,akkerbouw,mais,akkerbouw,solanum tuberosum,pootaardappelen,aardappels,rooivrucht,TRUE,TRUE,TRUE,0,0
1929,"aardappelrassen, poot- op zand-/veengrond",nl,nl_1929,aardappel,rooivrucht,875,0,0.22,akkerbouw,potato,3,arable,overig,akkerbouw,mais,akkerbouw,solanum tuberosum,pootaardappelen,aardappels,rooivrucht,TRUE,TRUE,TRUE,0,0
1930,"tagetes (zand, loss) (geen groene braak)",nl,nl_1930,overig,overig,865,0,0.3,akkerbouw,other,16,arable,overig,akkerbouw,mais,akkerbouw,tagetes,overig,braak,bollensierteelt,TRUE,TRUE,TRUE,0,0
1931,"uien, poot- en plant- (incl. sjalotten)",nl,nl_1931,zomergroenten,overig,300,0,0.24,akkerbouw,other,4,arable,overig,akkerbouw,mais,groenteteelt,allium cepa,"witlof, selderij, uien",zaaiuien,rooivrucht,TRUE,TRUE,TRUE,0,0
1932,uien poot en plant eerstejaars,nl,nl_1932,zomergroenten,overig,300,0,0.24,akkerbouw,other,4,arable,overig,akkerbouw,mais,groenteteelt,allium cepa,"witlof, selderij, uien",zaaiuien,rooivrucht,TRUE,TRUE,TRUE,0,0
1933,uien poot en plant tweedejaars,nl,nl_1933,zomergroenten,overig,300,0,0.24,akkerbouw,other,4,arable,overig,akkerbouw,mais,groenteteelt,allium cepa,"witlof, selderij, uien",zaaiuien,rooivrucht,TRUE,TRUE,TRUE,0,0
1934,sjalotten,nl,nl_1934,zomergroenten,overig,,,0.35,akkerbouw,other,4,arable,overig,akkerbouw,mais,akkerbouw,allium ascalonicum,"witlof, selderij, uien",overig,rooivrucht,TRUE,TRUE,TRUE,0,0
1935,maiskolvesilage,nl,nl_1935,snijmais,overig,,,0.32,mais,mais,2,mais,overig,akkerbouw,mais,veeteelt,zea mays,snijmais,snijmais,mais,TRUE,TRUE,TRUE,0,0
1936,"bos, blijvend, met herplantplicht",nl,nl_1936,natuur,overig,,,0.81,akkerbouw,other,2,arable,overig,akkerbouw,mais,veeteelt,"",loofbos,bos,natuur,TRUE,FALSE,FALSE,0,0
1940,voedselbos,nl,nl_1940,boomteelt,overig,,,0.81,akkerbouw,other,16,arable,overig,akkerbouw,mais,boomteelt,"",loofbos,overig,boomfruitteelt,TRUE,TRUE,TRUE,0,0
1949,aardperen,nl,nl_1949,overig,overig,375,900,0.35,akkerbouw,other,16,arable,overig,akkerbouw,mais,akkerbouw,helianthus tuberosus,suikerbieten,bol en knolgewassen,boomfruitteelt,TRUE,TRUE,TRUE,0,0
1950,onbekend/gewas niet opgegeven,nl,nl_1950,natuur,overig,0,0,0.24,akkerbouw,other,2,arable,overig,akkerbouw,mais,veeteelt,"",overig,overig,natuur,TRUE,TRUE,TRUE,0,0
1959,dummycode voor dummypercelen,nl,nl_1959,natuur,overig,0,0,0.35,akkerbouw,other,2,arable,overig,akkerbouw,mais,veeteelt,"",overig,overig,natuur,TRUE,TRUE,TRUE,0,0
2014,"aardappelen, consumptie",nl,nl_2014,aardappel,rooivrucht,875,0,0.22,akkerbouw,potato,5,arable,overig,akkerbouw,mais,akkerbouw,solanum tuberosum,aardappelen,aardappels,rooivrucht,TRUE,TRUE,TRUE,0,0
2015,"aardappelen, poot nak",nl,nl_2015,aardappel,rooivrucht,875,0,0.22,akkerbouw,potato,3,arable,overig,akkerbouw,mais,akkerbouw,solanum tuberosum,pootaardappelen,aardappels,rooivrucht,TRUE,TRUE,TRUE,0,0
2016,"aardappelen, poot tbm",nl,nl_2016,aardappel,rooivrucht,875,0,0.22,akkerbouw,potato,3,arable,overig,akkerbouw,mais,akkerbouw,solanum tuberosum,pootaardappelen,aardappels,rooivrucht,TRUE,TRUE,TRUE,0,0
2017,"aardappelen, zetmeel ",nl,nl_2017,aardappel,rooivrucht,875,0,0.22,akkerbouw,starch,4,arable,overig,akkerbouw,mais,akkerbouw,solanum tuberosum,fabrieksaardappelen,aardappels,rooivrucht,TRUE,TRUE,TRUE,0,0
2025,"aardappelen, bestrijdingsmaatregel am",nl,nl_2025,aardappel,rooivrucht,875,0,0.22,akkerbouw,potato,4,arable,overig,akkerbouw,mais,akkerbouw,solanum tuberosum,aardappelen,aardappels,rooivrucht,TRUE,TRUE,TRUE,0,0
2026,braak met bos (sbl-regeling na 28 juni 1995),nl,nl_2026,natuur,overig,,,0.81,natuur,nature,2,nature,overig,akkerbouw,mais,veeteelt,"",loofbos,braak,natuur,TRUE,FALSE,FALSE,0,0
2027,bos (sbl-regeling),nl,nl_2027,natuur,overig,,,0.81,natuur,nature,2,nature,overig,akkerbouw,mais,veeteelt,"",loofbos,bos,natuur,TRUE,FALSE,FALSE,0,0
2029,"braak, natuur-",nl,nl_2029,natuur,overig,,,0.35,natuur,nature,2,nature,overig,akkerbouw,mais,veeteelt,"",overig,braak,natuur,TRUE,FALSE,TRUE,0,0
2030,"graszaad, engels raai 1e jaar",nl,nl_2030,grasland zonder herinzaai,rust,1175,0,0.32,grasland,grass,1,gras,gras,gras,gras,veeteelt,lolium perenne,graszaad,grasland,gras_tijdelijk,FALSE,TRUE,TRUE,0,0
2031,"graszaad, engels raai overjarig",nl,nl_2031,grasland zonder herinzaai,rust,2300,0,0.32,grasland,grass,1,gras,gras,gras,gras,veeteelt,lolium perenne,graszaad,grasland,gras_tijdelijk,FALSE,TRUE,TRUE,0,0
2032,"mais, energie-",nl,nl_2032,snijmais,overig,660,,0.32,mais,mais,2,mais,overig,akkerbouw,mais,akkerbouw,"",snijmais,snijmais,mais,TRUE,TRUE,TRUE,0,0
2033,"onbeteelde grond, tijdelijk",nl,nl_2033,natuur,overig,0,0,0.35,akkerbouw,other,2,arable,overig,akkerbouw,mais,veeteelt,"",overig,braak,natuur,TRUE,FALSE,TRUE,0,0
2297,woudbomen met korte omlooptijd,nl,nl_2297,boomteelt,overig,,,0.81,akkerbouw,other,13,arable,overig,akkerbouw,mais,boomteelt,"",overige boomteelt,jong bos,boomfruitteelt,TRUE,TRUE,TRUE,30,1250
2298,"groenbemesters, vlinderbloemige",nl,nl_2298,overig,overig,,,0.24,akkerbouw,other,16,arable,overig,akkerbouw,mais,akkerbouw,"",overig,bladrammenas,vanggewas,TRUE,TRUE,TRUE,0,0
2299,"groenbemesters, niet-vlinderbloemige",nl,nl_2299,overig,overig,,,0.24,akkerbouw,other,16,arable,overig,akkerbouw,mais,akkerbouw,"",overig,bladrammenas,vanggewas,TRUE,TRUE,TRUE,0,0
2300,onbeteelde grond vanwege een teeltverbod/ontheffing,nl,nl_2300,natuur,overig,0,0,0.35,akkerbouw,other,2,arable,overig,akkerbouw,mais,veeteelt,"",overig,braak,natuur,TRUE,FALSE,TRUE,0,0
2301,natuurlijk grasland met hoofdfunctie landbouw,nl,nl_2301,grasland met herinzaai,overig,1155,0,0.35,grasland,grass,1,gras,gras,gras,gras,veeteelt,gras overig,beweid bemaaid gras,grasland,gras_tijdelijk,FALSE,TRUE,TRUE,0,0
2302,natuurlijk grasland (begraasd) met beperkte landbouwact.,nl,nl_2302,grasland met herinzaai,overig,1155,0,0.35,grasland,grass,1,gras,gras,gras,gras,veeteelt,gras overig,beweid bemaaid gras,grasland,natuur,FALSE,TRUE,TRUE,0,0
2303,overige natuurterreinen,nl,nl_2303,natuur,overig,,,0.35,natuur,nature,2,nature,overig,akkerbouw,mais,veeteelt,"",overig,jong bos,natuur,TRUE,FALSE,FALSE,0,0
2304,"heide, begraasd",nl,nl_2304,natuur,overig,,,0.32,akkerbouw,other,2,arable,overig,akkerbouw,mais,veeteelt,"",overig,overig,natuur,TRUE,FALSE,FALSE,0,0
2325,"bessen, rode",nl,nl_2325,klein fruit,overig,5600,0,0.81,akkerbouw,other,12,arable,overig,akkerbouw,mais,boomteelt,ribes rubrum,klein fruit,fruit,boomfruitteelt,TRUE,TRUE,TRUE,20,10000
2326,frambozen,nl,nl_2326,klein fruit,overig,2850,0,0.81,akkerbouw,other,12,arable,overig,akkerbouw,mais,boomteelt,rubus idaeus,klein fruit,fruit,boomfruitteelt,TRUE,TRUE,TRUE,20,10000
2327,bramen,nl,nl_2327,klein fruit,overig,0,0,0.81,akkerbouw,other,12,arable,overig,akkerbouw,mais,boomteelt,rubus,klein fruit,fruit,boomfruitteelt,TRUE,TRUE,TRUE,20,10000
2328,"kersen, zoet",nl,nl_2328,klein fruit,overig,,,0.81,akkerbouw,other,12,arable,overig,akkerbouw,mais,boomteelt,prunus,groot fruit,fruit,boomfruitteelt,TRUE,TRUE,TRUE,30,1250
2617,boomgroepen in het veld,nl,nl_2617,natuur,overig,,,0.35,natuur,nature,13,nature,overig,akkerbouw,mais,veeteelt,"",overige boomteelt,overig,natuur,TRUE,FALSE,FALSE,30,1250
2618,"windhaag , in een perceel fruitteelt",nl,nl_2618,natuur,overig,,,0.35,natuur,nature,13,nature,overig,akkerbouw,mais,veeteelt,"",groot fruit,fruit,natuur,TRUE,FALSE,FALSE,,
2619,bosssingel,nl,nl_2619,natuur,overig,,,0.81,natuur,nature,13,nature,overig,akkerbouw,mais,veeteelt,"",loofbos,bos,natuur,TRUE,FALSE,FALSE,0,0
2620,poel en klein historisch water,nl,nl_2620,natuur,overig,,,0.35,natuur,nature,16,nature,overig,akkerbouw,mais,veeteelt,"",overig,overig,natuur,TRUE,FALSE,FALSE,0,0
2621,houtwal en houtsingel,nl,nl_2621,natuur,overig,,,0.35,natuur,nature,13,nature,overig,akkerbouw,mais,veeteelt,"",overig,overig,natuur,TRUE,FALSE,FALSE,0,0
2622,elzensingel,nl,nl_2622,natuur,overig,,,0.35,natuur,nature,13,nature,overig,akkerbouw,mais,veeteelt,"",overig,overig,natuur,TRUE,FALSE,FALSE,0,0
2624,knip- of scheerheg,nl,nl_2624,natuur,overig,,,0.35,natuur,nature,13,nature,overig,akkerbouw,mais,veeteelt,"",overig,overig,natuur,TRUE,FALSE,FALSE,0,0
2625,struweelhaag,nl,nl_2625,natuur,overig,,,0.35,natuur,nature,13,nature,overig,akkerbouw,mais,veeteelt,"",overig,overig,natuur,TRUE,FALSE,FALSE,0,0
2626,laan,nl,nl_2626,natuur,overig,,,0.35,natuur,nature,15,nature,overig,akkerbouw,mais,veeteelt,"",overig,overig,natuur,TRUE,FALSE,FALSE,0,0
2628,hoogstamboomgaard,nl,nl_2628,boomteelt,overig,1175,0,0.81,akkerbouw,other,16,nature,overig,akkerbouw,mais,veeteelt,"",overige boomteelt,overig,boomfruitteelt,TRUE,FALSE,TRUE,30,1250
2629,struweelrand,nl,nl_2629,natuur,overig,,,0.35,natuur,nature,13,nature,overig,akkerbouw,mais,veeteelt,"",overig,overig,randensloot,TRUE,FALSE,FALSE,0,0
2630,hakhoutbosje,nl,nl_2630,natuur,overig,,,0.81,natuur,nature,13,nature,overig,akkerbouw,mais,veeteelt,"",loofbos,overig,natuur,TRUE,FALSE,FALSE,0,0
2631,griendje,nl,nl_2631,natuur,overig,,,0.35,natuur,nature,13,nature,overig,akkerbouw,mais,veeteelt,"",overig,overig,natuur,TRUE,FALSE,FALSE,0,0
2633,rietzoom en klein rietperceel,nl,nl_2633,natuur,overig,,,0.31,natuur,nature,16,nature,overig,akkerbouw,mais,veeteelt,"",overige boomteelt,overig,natuur,TRUE,FALSE,FALSE,30,1250
2634,natuurvriendelijke oever,nl,nl_2634,natuur,overig,,,0.35,natuur,nature,16,nature,overig,akkerbouw,mais,veeteelt,"",overig,bos,natuur,TRUE,FALSE,FALSE,0,0
2635,wandelpad over boerenland,nl,nl_2635,natuur,overig,,,0.35,natuur,nature,16,nature,overig,akkerbouw,mais,veeteelt,"",overig,overig,natuur,TRUE,FALSE,FALSE,0,0
2636,overig landschapselement,nl,nl_2636,natuur,overig,0,0,0.35,natuur,nature,2,nature,overig,akkerbouw,mais,veeteelt,"",overig,overig,natuur,TRUE,FALSE,FALSE,0,0
2637,schurvelingen en zandwallen,nl,nl_2637,natuur,overig,,,0.35,natuur,nature,16,nature,overig,akkerbouw,mais,veeteelt,"",overig,overig,natuur,TRUE,TRUE,TRUE,0,0
2638,"landschapselement, overig",nl,nl_2638,natuur,overig,,,0.35,natuur,nature,16,nature,overig,akkerbouw,mais,veeteelt,"",overig,overig,natuur,TRUE,FALSE,FALSE,0,0
2639,"water, overig",nl,nl_2639,natuur,overig,,,0.35,natuur,nature,16,nature,overig,akkerbouw,mais,veeteelt,"",overig,overig,natuur,TRUE,FALSE,FALSE,0,0
2640,geisoleerde boom (anders dan knotboom),nl,nl_2640,natuur,overig,,,0.35,natuur,nature,16,nature,overig,akkerbouw,mais,veeteelt,"",overige boomteelt,overig,natuur,TRUE,FALSE,FALSE,,
2641,bomenrij (anders dan knotboom),nl,nl_2641,natuur,overig,,,0.35,natuur,nature,13,nature,overig,akkerbouw,mais,veeteelt,"",overige boomteelt,overig,natuur,TRUE,FALSE,FALSE,,
2642,bosje,nl,nl_2642,natuur,overig,,,0.81,natuur,nature,13,nature,overig,akkerbouw,mais,veeteelt,"",loofbos,bos,natuur,TRUE,FALSE,FALSE,,
2643,"knotboom, bomen in rij",nl,nl_2643,natuur,overig,,,0.35,natuur,nature,13,nature,overig,akkerbouw,mais,veeteelt,"",overige boomteelt,overig,natuur,TRUE,FALSE,FALSE,,
2644,"knotboom, geisloleerde boom",nl,nl_2644,natuur,overig,,,0.35,natuur,nature,13,nature,overig,akkerbouw,mais,veeteelt,"",overige boomteelt,overig,natuur,TRUE,FALSE,FALSE,,
2645,notenbomen,nl,nl_2645,boomteelt,overig,,,0.81,akkerbouw,other,13,arable,overig,akkerbouw,mais,boomteelt,"",groot fruit,fruit,boomfruitteelt,TRUE,FALSE,TRUE,30,1250
2650,erwten inclusief schokkers (droog te oogsten),nl,nl_2650,zomergroenten,overig,170,830,0.32,akkerbouw,mais,7,mais,overig,akkerbouw,mais,groenteteelt,pisum sativum,"erwten, bonen",tuinbonen,eiwitgewas,TRUE,TRUE,TRUE,0,0
2651,"bieten, voeder- (inclusief aardperen)",nl,nl_2651,suikerbiet,rooivrucht,375,900,0.35,akkerbouw,sugarbeet,6,arable,overig,akkerbouw,mais,akkerbouw,beta vulgaris,suikerbieten,bol en knolgewassen,rooivrucht,TRUE,TRUE,TRUE,0,0
2652,overige granen,nl,nl_2652,granen,rust,1600,0,0.31,akkerbouw,cereal,2,arable,overig,akkerbouw,mais,akkerbouw,"",zomergerst,graan,rustgewas,TRUE,TRUE,TRUE,0,0
2653,graszaad (inclusief klaverzaad),nl,nl_2653,grasland zonder herinzaai,rust,2300,0,0.32,grasland,grass,1,gras,gras,gras,gras,veeteelt,"",graszaad,grasland,gras_tijdelijk,FALSE,TRUE,TRUE,0,0
2700,"aardbeien open grond, vermeerdering",nl,nl_2700,klein fruit,overig,300,0,0.81,akkerbouw,other,12,arable,overig,akkerbouw,mais,boomteelt,fragaria x ananassa,klein fruit,fruit,boomfruitteelt,TRUE,TRUE,TRUE,10,150000
2701,"aardbeien open grond, wachtbed",nl,nl_2701,klein fruit,overig,300,0,0.81,akkerbouw,other,12,arable,overig,akkerbouw,mais,boomteelt,fragaria x ananassa,klein fruit,fruit,boomfruitteelt,TRUE,TRUE,TRUE,10,150000
2702,"aardbeien open grond, productie",nl,nl_2702,klein fruit,overig,300,0,0.81,akkerbouw,other,12,arable,overig,akkerbouw,mais,boomteelt,fragaria x ananassa,klein fruit,fruit,boomfruitteelt,TRUE,TRUE,TRUE,10,150000
2703,"aardbeien open grond, zaden en opkweekmateriaal",nl,nl_2703,klein fruit,overig,300,0,0.81,akkerbouw,other,12,arable,overig,akkerbouw,mais,boomteelt,fragaria x ananassa,klein fruit,fruit,boomfruitteelt,TRUE,TRUE,TRUE,10,150000
2704,"aardbeien op stellingen, vermeerdering",nl,nl_2704,klein fruit,overig,300,0,0.81,akkerbouw,other,12,arable,overig,akkerbouw,mais,boomteelt,fragaria x ananassa,klein fruit,fruit,boomfruitteelt,TRUE,TRUE,TRUE,,
2705,"aardbeien op stellingen, wachtbed",nl,nl_2705,klein fruit,overig,300,0,0.81,akkerbouw,other,12,arable,overig,akkerbouw,mais,boomteelt,fragaria x ananassa,klein fruit,fruit,boomfruitteelt,TRUE,TRUE,TRUE,,
2706,"aardbeien op stellingen, productie",nl,nl_2706,klein fruit,overig,300,0,0.81,akkerbouw,other,12,arable,overig,akkerbouw,mais,boomteelt,fragaria x ananassa,klein fruit,fruit,boomfruitteelt,TRUE,TRUE,TRUE,,
2707,"aardbeien op stellingen, zaden en opkweekmateriaal",nl,nl_2707,klein fruit,overig,300,0,0.81,akkerbouw,other,12,arable,overig,akkerbouw,mais,boomteelt,fragaria x ananassa,klein fruit,fruit,boomfruitteelt,TRUE,TRUE,TRUE,,
2708,"andijvie, productie",nl,nl_2708,bladgroenten,overig,450,0,0.2,akkerbouw,other,9,arable,overig,akkerbouw,mais,groenteteelt,chichorium endivia,bladgroenten,groenten,groenten,TRUE,TRUE,TRUE,0,0
2709,"andijvie, zaden en opkweekmateriaal",nl,nl_2709,bladgroenten,overig,450,0,0.32,akkerbouw,other,9,arable,overig,akkerbouw,mais,groenteteelt,chichorium endivia,bladgroenten,groenten,groenten,TRUE,TRUE,TRUE,0,0
2710,"asperges, oppervlakte die productie oplevert",nl,nl_2710,zomergroenten,overig,1000,0,0.35,akkerbouw,other,8,arable,overig,akkerbouw,mais,groenteteelt,asparagus officinalis,asperge,overig,groenten,TRUE,TRUE,TRUE,0,0
2711,"asperges, oppervlakte die nog geen productie oplevert",nl,nl_2711,zomergroenten,overig,1000,0,0.35,akkerbouw,other,8,arable,overig,akkerbouw,mais,groenteteelt,asparagus officinalis,asperge,overig,groenten,TRUE,TRUE,TRUE,0,0
2712,"asperges, zaden en opkweekmateriaal",nl,nl_2712,zomergroenten,overig,1000,0,0.35,akkerbouw,other,8,arable,overig,akkerbouw,mais,groenteteelt,asparagus officinalis,asperge,overig,groenten,TRUE,TRUE,TRUE,0,0
2713,"bloemkool, productie",nl,nl_2713,zomergroenten,overig,1640.08,150,0.32,akkerbouw,other,7,arable,overig,akkerbouw,mais,groenteteelt,brassica oleracea,"tulpen, narcis, hyacint",bloemkool,groenten,TRUE,TRUE,TRUE,0,0
2714,"bloemkool, zaden en opkweekmateriaal",nl,nl_2714,zomergroenten,overig,1000,150,0.32,akkerbouw,other,7,arable,overig,akkerbouw,mais,groenteteelt,brassica oleracea,"tulpen, narcis, hyacint",bloemkool,groenten,TRUE,TRUE,TRUE,0,0
2715,"boerenkool, productie",nl,nl_2715,zomergroenten,overig,750,150,0.32,akkerbouw,other,7,arable,overig,akkerbouw,mais,groenteteelt,brassica oleracea,"prei, spruiten, koolsoorten",bloemkool,groenten,TRUE,TRUE,TRUE,0,0
2716,"boerenkool, zaden en opkweekmateriaal",nl,nl_2716,zomergroenten,overig,750,150,0.32,akkerbouw,other,7,arable,overig,akkerbouw,mais,groenteteelt,brassica oleracea,"prei, spruiten, koolsoorten",bloemkool,groenten,TRUE,TRUE,TRUE,0,0
2717,"bospeen, productie",nl,nl_2717,bladgroenten,rooivrucht,300,0,0.24,akkerbouw,other,5,arable,overig,akkerbouw,mais,groenteteelt,daucus carota,loofbos,peen,rooivrucht,TRUE,TRUE,TRUE,0,0
2718,"bospeen, zaden en opkweekmateriaal",nl,nl_2718,bladgroenten,rooivrucht,300,0,0.32,akkerbouw,other,5,arable,overig,akkerbouw,mais,groenteteelt,daucus carota,loofbos,peen,rooivrucht,TRUE,TRUE,TRUE,0,0
2719,"broccoli, productie",nl,nl_2719,zomergroenten,overig,1150,0,0.32,akkerbouw,other,7,arable,overig,akkerbouw,mais,groenteteelt,brassica oleracea,"prei, spruiten, koolsoorten",overig,groenten,TRUE,TRUE,TRUE,0,0
2720,"brocolli, zaden en opkweekmateriaal",nl,nl_2720,zomergroenten,overig,1150,0,0.32,akkerbouw,other,7,arable,overig,akkerbouw,mais,groenteteelt,brassica oleracea,"prei, spruiten, koolsoorten",bloemkool,groenten,TRUE,TRUE,TRUE,0,0
2721,"chinese kool, productie",nl,nl_2721,zomergroenten,overig,1730.16,0,0.32,akkerbouw,other,7,arable,overig,akkerbouw,mais,groenteteelt,brassica rapa,"prei, spruiten, koolsoorten",spitskool,groenten,TRUE,TRUE,TRUE,0,0
2722,"chinese kool, zaden en opkweekmateriaal",nl,nl_2722,zomergroenten,overig,450,0,0.32,akkerbouw,other,7,arable,overig,akkerbouw,mais,groenteteelt,brassica rapa,"prei, spruiten, koolsoorten",spitskool,groenten,TRUE,TRUE,TRUE,0,0
2723,"courgette, productie",nl,nl_2723,zomergroenten,overig,250,0,0.28,akkerbouw,other,16,arable,overig,akkerbouw,mais,groenteteelt,cucurbita pepo,"witlof, selderij, uien",groenten,groenten,TRUE,TRUE,TRUE,0,0
2724,"courgette, zaden en opkweekmateriaal",nl,nl_2724,zomergroenten,overig,250,0,0.32,akkerbouw,other,16,arable,overig,akkerbouw,mais,groenteteelt,cucurbita pepo,"witlof, selderij, uien",groenten,groenten,TRUE,TRUE,TRUE,0,0
2725,"knolselderij, productie",nl,nl_2725,zomergroenten,overig,400,600,0.2,akkerbouw,other,4,arable,overig,akkerbouw,mais,groenteteelt,apium graveolens,"witlof, selderij, uien",selderij,groenten,TRUE,TRUE,TRUE,0,0
2726,"knolselderij, zaden en opkweekmateriaal",nl,nl_2726,zomergroenten,overig,400,600,0.32,akkerbouw,other,4,arable,overig,akkerbouw,mais,groenteteelt,apium graveolens,"witlof, selderij, uien",selderij,groenten,TRUE,TRUE,TRUE,0,0
2727,"knolvenkel/venkel, productie",nl,nl_2727,zomergroenten,overig,400,350,0.28,akkerbouw,other,4,arable,overig,akkerbouw,mais,groenteteelt,foeniculum vulgare,"witlof, selderij, uien",bol en knolgewassen,groenten,TRUE,TRUE,TRUE,0,0
2728,"knolvenkel/venkel, zaden en opkweekmateriaal",nl,nl_2728,zomergroenten,overig,950,0,0.32,akkerbouw,other,4,arable,overig,akkerbouw,mais,groenteteelt,foeniculum vulgare,"witlof, selderij, uien",bol en knolgewassen,groenten,TRUE,TRUE,TRUE,0,0
2729,"komkommer, productie",nl,nl_2729,zomergroenten,overig,0,0,0.28,akkerbouw,other,16,arable,overig,akkerbouw,mais,groenteteelt,cucumis sativus,"witlof, selderij, uien",groenten,groenten,TRUE,TRUE,TRUE,0,0
2730,"komkommer, zaden en opkweekmateriaal",nl,nl_2730,zomergroenten,overig,250,0,0.32,akkerbouw,other,16,arable,overig,akkerbouw,mais,groenteteelt,cucumis sativus,"witlof, selderij, uien",groenten,groenten,TRUE,TRUE,TRUE,0,0
2731,"augurk, productie",nl,nl_2731,zomergroenten,overig,250,0,0.28,akkerbouw,other,16,arable,overig,akkerbouw,mais,groenteteelt,cucumis sativus,"witlof, selderij, uien",groenten,groenten,TRUE,TRUE,TRUE,0,0
2732,"augurk, zaden en opkweekmateriaal",nl,nl_2732,zomergroenten,overig,250,0,0.32,akkerbouw,other,16,arable,overig,akkerbouw,mais,groenteteelt,cucumis sativus,"witlof, selderij, uien",groenten,groenten,TRUE,TRUE,TRUE,0,0
2733,"meloen, productie",nl,nl_2733,zomergroenten,overig,0,0,0.24,akkerbouw,other,16,arable,overig,akkerbouw,mais,groenteteelt,cucurbita,"witlof, selderij, uien",groenten,groenten,TRUE,TRUE,TRUE,0,0
2734,"meloen, zaden en opkweekmateriaal",nl,nl_2734,zomergroenten,overig,0,0,0.32,akkerbouw,other,16,arable,overig,akkerbouw,mais,groenteteelt,cucurbita,"witlof, selderij, uien",groenten,groenten,TRUE,TRUE,TRUE,0,0
2735,"pompoen, productie",nl,nl_2735,zomergroenten,overig,350,0,0.24,akkerbouw,other,16,arable,overig,akkerbouw,mais,groenteteelt,cucurbita,"witlof, selderij, uien",groenten,groenten,TRUE,TRUE,TRUE,0,0
2736,"pompoen, zaden en opkweekmateriaal",nl,nl_2736,zomergroenten,overig,350,0,0.32,akkerbouw,other,16,arable,overig,akkerbouw,mais,groenteteelt,cucurbita,"witlof, selderij, uien",groenten,groenten,TRUE,TRUE,TRUE,0,0
2737,"koolraap, productie",nl,nl_2737,zomergroenten,overig,550,600,0.32,akkerbouw,other,4,arable,overig,akkerbouw,mais,groenteteelt,brassica rapa,"prei, spruiten, koolsoorten",bol en knolgewassen,groenten,TRUE,TRUE,TRUE,0,0
2738,"koolraap, zaden en opkweekmateriaal",nl,nl_2738,zomergroenten,overig,300,0,0.32,akkerbouw,other,4,arable,overig,akkerbouw,mais,groenteteelt,brassica rapa,"prei, spruiten, koolsoorten",bol en knolgewassen,groenten,TRUE,TRUE,TRUE,0,0
2739,"koolrabi, productie",nl,nl_2739,zomergroenten,overig,300,250,0.32,akkerbouw,other,4,arable,overig,akkerbouw,mais,groenteteelt,brassica oleracea,"prei, spruiten, koolsoorten",bol en knolgewassen,groenten,TRUE,TRUE,TRUE,0,0
2740,"koolrabi, zaden en opkweekmateriaal",nl,nl_2740,zomergroenten,overig,300,0,0.32,akkerbouw,other,4,arable,overig,akkerbouw,mais,groenteteelt,brassica oleracea,"prei, spruiten, koolsoorten",bol en knolgewassen,groenten,TRUE,TRUE,TRUE,0,0
2741,"kroten/rode bieten, productie",nl,nl_2741,suikerbiet,overig,600,0,0.24,akkerbouw,other,6,arable,overig,akkerbouw,mais,akkerbouw,beta vulgaris,suikerbieten,bol en knolgewassen,rooivrucht,TRUE,TRUE,TRUE,0,0
2742,"kroten/rode bieten, zaden en opkweekmateriaal",nl,nl_2742,suikerbiet,overig,600,0,0.32,akkerbouw,other,6,arable,overig,akkerbouw,mais,akkerbouw,beta vulgaris,suikerbieten,bol en knolgewassen,rooivrucht,TRUE,TRUE,TRUE,0,0
2743,"kruiden, productie",nl,nl_2743,overig,overig,300,0,0.2,akkerbouw,other,16,arable,overig,akkerbouw,mais,akkerbouw,"",overig,overig,groenten,TRUE,TRUE,TRUE,0,0
2744,"kruiden, zaden en opkweekmateriaal",nl,nl_2744,overig,overig,300,0,0.32,akkerbouw,other,16,arable,overig,akkerbouw,mais,akkerbouw,"",overig,overig,groenten,TRUE,TRUE,TRUE,0,0
2745,"paksoi, productie",nl,nl_2745,zomergroenten,overig,450,0,0.24,akkerbouw,other,7,arable,overig,akkerbouw,mais,groenteteelt,brassica rapa,"prei, spruiten, koolsoorten",sla,groenten,TRUE,TRUE,TRUE,0,0
2746,"paksoi, zaden en opkweekmateriaal",nl,nl_2746,zomergroenten,overig,450,0,0.32,akkerbouw,other,7,arable,overig,akkerbouw,mais,groenteteelt,brassica rapa,"prei, spruiten, koolsoorten",sla,groenten,TRUE,TRUE,TRUE,0,0
2747,"peulen, productie",nl,nl_2747,zomergroenten,overig,170,0,0.24,akkerbouw,other,7,arable,overig,akkerbouw,mais,groenteteelt,pisum sativum,"erwten, bonen",tuinbonen,eiwitgewas,TRUE,TRUE,TRUE,0,0
2748,"peulen, zaden en opkweekmateriaal",nl,nl_2748,zomergroenten,overig,170,0,0.32,akkerbouw,other,7,arable,overig,akkerbouw,mais,groenteteelt,pisum sativum,"erwten, bonen",tuinbonen,eiwitgewas,TRUE,TRUE,TRUE,0,0
2749,"prei, productie",nl,nl_2749,wintergroenten,overig,100,350,0.2,akkerbouw,other,4,arable,overig,akkerbouw,mais,groenteteelt,allium ampeloprasum,"prei, spruiten, koolsoorten",prei,groenten,TRUE,TRUE,TRUE,0,0
2750,"prei, zaden en opkweekmateriaal",nl,nl_2750,wintergroenten,overig,100,350,0.32,akkerbouw,other,4,arable,overig,akkerbouw,mais,groenteteelt,allium ampeloprasum,"prei, spruiten, koolsoorten",prei,groenten,TRUE,TRUE,TRUE,0,0
2751,"pronkbonen, productie",nl,nl_2751,zomergroenten,overig,,,0.24,akkerbouw,other,7,arable,overig,akkerbouw,mais,groenteteelt,phaseolus coccineus,"erwten, bonen",tuinbonen,eiwitgewas,TRUE,TRUE,TRUE,0,0
2752,"pronkbonen, zaden en opkweekmateriaal",nl,nl_2752,zomergroenten,overig,,,0.32,akkerbouw,other,7,arable,overig,akkerbouw,mais,groenteteelt,phaseolus coccineus,"erwten, bonen",tuinbonen,eiwitgewas,TRUE,TRUE,TRUE,0,0
2753,"raapstelen, productie",nl,nl_2753,zomergroenten,overig,0,0,0.2,akkerbouw,other,16,arable,overig,akkerbouw,mais,groenteteelt,brassica rapa,"prei, spruiten, koolsoorten",overig,groenten,TRUE,TRUE,TRUE,0,0
2754,"raapstelen, zaden en opkweekmateriaal",nl,nl_2754,zomergroenten,overig,0,0,0.32,akkerbouw,other,16,arable,overig,akkerbouw,mais,groenteteelt,brassica rapa,"prei, spruiten, koolsoorten",overig,groenten,TRUE,TRUE,TRUE,0,0
2755,"rabarber, productie",nl,nl_2755,zomergroenten,overig,0,0,0.24,akkerbouw,other,16,arable,overig,akkerbouw,mais,groenteteelt,rheum rhabarbarum,"witlof, selderij, uien",overig,groenten,TRUE,TRUE,TRUE,0,0
2756,"rabarber, zaden en opkweekmateriaal",nl,nl_2756,zomergroenten,overig,0,0,0.32,akkerbouw,other,16,arable,overig,akkerbouw,mais,groenteteelt,rheum rhabarbarum,"witlof, selderij, uien",overig,groenten,TRUE,TRUE,TRUE,0,0
2757,"radijs, productie",nl,nl_2757,zomergroenten,overig,0,0,0.2,akkerbouw,other,16,arable,overig,akkerbouw,mais,groenteteelt,raphanus sativus,"witlof, selderij, uien",overig,groenten,TRUE,TRUE,TRUE,0,0
2758,"radijs, zaden en opkweekmateriaal",nl,nl_2758,zomergroenten,overig,0,0,0.32,akkerbouw,other,16,arable,overig,akkerbouw,mais,groenteteelt,raphanus sativus,"witlof, selderij, uien",overig,groenten,TRUE,TRUE,TRUE,0,0
2759,"rodekool, productie",nl,nl_2759,zomergroenten,overig,1000,150,0.32,akkerbouw,other,7,arable,overig,akkerbouw,mais,groenteteelt,brassica oleracea,"prei, spruiten, koolsoorten",bloemkool,groenten,TRUE,TRUE,TRUE,0,0
2760,"rodekool, zaden en opkweekmateriaal",nl,nl_2760,zomergroenten,overig,1000,150,0.32,akkerbouw,other,7,arable,overig,akkerbouw,mais,groenteteelt,brassica oleracea,"prei, spruiten, koolsoorten",bloemkool,groenten,TRUE,TRUE,TRUE,0,0
2761,"savooiekool, productie",nl,nl_2761,zomergroenten,overig,1000,440,0.32,akkerbouw,other,7,arable,overig,akkerbouw,mais,groenteteelt,brassica oleracea,"prei, spruiten, koolsoorten",bloemkool,groenten,TRUE,TRUE,TRUE,0,0
2762,"savooiekool, zaden en opkweekmateriaal",nl,nl_2762,zomergroenten,overig,1000,440,0.32,akkerbouw,other,7,arable,overig,akkerbouw,mais,groenteteelt,brassica oleracea,"prei, spruiten, koolsoorten",bloemkool,groenten,TRUE,TRUE,TRUE,0,0
2763,schorseneren; productie,nl,nl_2763,zomergroenten,overig,600,0,0.24,akkerbouw,other,5,arable,overig,akkerbouw,mais,groenteteelt,scorzonera hispanica,schorseneren,overig,groenten,TRUE,TRUE,TRUE,0,0
2764,"schorseneren, zaden en opkweekmateriaal",nl,nl_2764,zomergroenten,overig,600,0,0.32,akkerbouw,other,5,arable,overig,akkerbouw,mais,groenteteelt,scorzonera hispanica,schorseneren,overig,groenten,TRUE,TRUE,TRUE,0,0
2765,"selderij, bleek- en groen-, productie",nl,nl_2765,zomergroenten,overig,3266,0,0.2,akkerbouw,other,4,arable,overig,akkerbouw,mais,groenteteelt,apium graveolens,"witlof, selderij, uien",selderij,groenten,TRUE,TRUE,TRUE,0,0
2766,"selderij, bleek- en groen-, zaden en opkweekmateriaal",nl,nl_2766,zomergroenten,overig,450,0,0.32,akkerbouw,other,4,arable,overig,akkerbouw,mais,groenteteelt,apium graveolens,"witlof, selderij, uien",selderij,groenten,TRUE,TRUE,TRUE,0,0
2767,"sla, ijsberg-, productie",nl,nl_2767,bladgroenten,overig,450,0,0.2,akkerbouw,other,9,arable,overig,akkerbouw,mais,groenteteelt,lactuca sativa,bladgroenten,sla,groenten,TRUE,TRUE,TRUE,0,0
2768,"sla, ijsberg-, zaden en opkweekmateriaal",nl,nl_2768,bladgroenten,overig,300,0,0.32,akkerbouw,other,9,arable,overig,akkerbouw,mais,groenteteelt,lactuca sativa,bladgroenten,sla,groenten,TRUE,TRUE,TRUE,0,0
2769,"sla; radicchio rosso, productie",nl,nl_2769,bladgroenten,overig,300,0,0.2,akkerbouw,other,9,arable,overig,akkerbouw,mais,groenteteelt,lactuca sativa,bladgroenten,sla,groenten,TRUE,TRUE,TRUE,0,0
2770,"sla; radicchio rosso, zaden en opkweekmateriaal",nl,nl_2770,bladgroenten,overig,300,0,0.32,akkerbouw,other,9,arable,overig,akkerbouw,mais,groenteteelt,lactuca sativa,bladgroenten,sla,groenten,TRUE,TRUE,TRUE,0,0
2771,"sla; overig, productie",nl,nl_2771,bladgroenten,overig,350,0,0.2,akkerbouw,other,9,arable,overig,akkerbouw,mais,groenteteelt,lactuca sativa,bladgroenten,sla,groenten,TRUE,TRUE,TRUE,0,0
2772,"sla; overig, zaden en opkweekmateriaal",nl,nl_2772,bladgroenten,overig,300,0,0.32,akkerbouw,other,9,arable,overig,akkerbouw,mais,groenteteelt,lactuca sativa,bladgroenten,sla,groenten,TRUE,TRUE,TRUE,0,0
2773,"spinazie, productie",nl,nl_2773,bladgroenten,overig,300,0,0.2,akkerbouw,other,9,arable,overig,akkerbouw,mais,groenteteelt,espinaca oleracea,bladgroenten,groenten,groenten,TRUE,TRUE,TRUE,0,0
2774,"spinazie, zaden en opkweekmateriaal",nl,nl_2774,bladgroenten,overig,300,0,0.32,akkerbouw,other,9,arable,overig,akkerbouw,mais,groenteteelt,espinaca oleracea,bladgroenten,groenten,groenten,TRUE,TRUE,TRUE,0,0
2775,"spitskool, productie",nl,nl_2775,zomergroenten,overig,750,150,0.32,akkerbouw,other,7,arable,overig,akkerbouw,mais,groenteteelt,brassica oleracea,"prei, spruiten, koolsoorten",bloemkool,groenten,TRUE,TRUE,TRUE,0,0
2776,"spitskool, zaden en opkweekmateriaal",nl,nl_2776,zomergroenten,overig,500,150,0.32,akkerbouw,other,7,arable,overig,akkerbouw,mais,groenteteelt,brassica oleracea,"prei, spruiten, koolsoorten",bloemkool,groenten,TRUE,TRUE,TRUE,0,0
2777,"spruitkool/spruitjes, productie",nl,nl_2777,wintergroenten,overig,1300,700,0.32,akkerbouw,other,4,arable,overig,akkerbouw,mais,groenteteelt,brassica oleracea,"prei, spruiten, koolsoorten",bloemkool,groenten,TRUE,TRUE,TRUE,0,0
2778,"spruitkool/spruitjes, zaden en opkweekmateriaal",nl,nl_2778,wintergroenten,overig,1300,700,0.32,akkerbouw,other,4,arable,overig,akkerbouw,mais,groenteteelt,brassica oleracea,"prei, spruiten, koolsoorten",bloemkool,groenten,TRUE,TRUE,TRUE,0,0
2779,"stamsperziebonen (=stamslabonen), productie",nl,nl_2779,zomergroenten,overig,170,480,0.24,akkerbouw,other,7,arable,overig,akkerbouw,mais,groenteteelt,phaseolus vulgaris,"erwten, bonen",tuinbonen,eiwitgewas,TRUE,TRUE,TRUE,0,0
2780,"stamsperziebonen (=stamslabonen), zaden en opkweekmateriaal",nl,nl_2780,zomergroenten,overig,170,480,0.32,akkerbouw,other,7,arable,overig,akkerbouw,mais,groenteteelt,phaseolus vulgaris,"erwten, bonen",tuinbonen,eiwitgewas,TRUE,TRUE,TRUE,0,0
2781,"stoksnijbonen en stokslabonen, productie",nl,nl_2781,zomergroenten,overig,170,480,0.24,akkerbouw,other,7,arable,overig,akkerbouw,mais,groenteteelt,phaseolus vulgaris,"erwten, bonen",tuinbonen,eiwitgewas,TRUE,TRUE,TRUE,0,0
2782,"stoksnijbonen en stokslabonen, zaden en opkweekmateriaal",nl,nl_2782,zomergroenten,overig,170,480,0.32,akkerbouw,other,7,arable,overig,akkerbouw,mais,groenteteelt,phaseolus vulgaris,"erwten, bonen",tuinbonen,eiwitgewas,TRUE,TRUE,TRUE,0,0
2783,"waspeen, productie",nl,nl_2783,bladgroenten,rooivrucht,700,0,0.24,akkerbouw,other,5,arable,overig,akkerbouw,mais,groenteteelt,daucus carota,was bospeen,peen,rooivrucht,TRUE,TRUE,TRUE,0,0
2784,"waspeen, zaden en opkweekmateriaal",nl,nl_2784,bladgroenten,rooivrucht,700,0,0.32,akkerbouw,other,5,arable,overig,akkerbouw,mais,groenteteelt,daucus carota,was bospeen,peen,rooivrucht,TRUE,TRUE,TRUE,0,0
2785,"winterpeen, productie",nl,nl_2785,bladgroenten,rooivrucht,700,0,0.24,akkerbouw,other,5,arable,overig,akkerbouw,mais,groenteteelt,daucus carota,"prei, spruiten, koolsoorten",peen,rooivrucht,TRUE,TRUE,TRUE,0,0
2786,"winterpeen, zaden en opkweekmateriaal",nl,nl_2786,bladgroenten,overig,700,0,0.32,akkerbouw,other,5,arable,overig,akkerbouw,mais,groenteteelt,daucus carota,"prei, spruiten, koolsoorten",peen,rooivrucht,TRUE,TRUE,TRUE,0,0
2787,"witlofwortel, productie",nl,nl_2787,zomergroenten,rooivrucht,600,0,0.24,akkerbouw,other,4,arable,overig,akkerbouw,mais,groenteteelt,chichorium intybus,"witlof, selderij, uien",spitskool,rooivrucht,TRUE,TRUE,TRUE,0,0
2788,"witlofwortel, zaden en opkweekmateriaal",nl,nl_2788,zomergroenten,rooivrucht,600,0,0.32,akkerbouw,other,4,arable,overig,akkerbouw,mais,groenteteelt,chichorium intybus,"witlof, selderij, uien",spitskool,rooivrucht,TRUE,TRUE,TRUE,0,0
2789,"witte kool, productie",nl,nl_2789,zomergroenten,overig,1000,150,0.32,akkerbouw,other,7,arable,overig,akkerbouw,mais,groenteteelt,brassica oleracea,"prei, spruiten, koolsoorten",bloemkool,groenten,TRUE,TRUE,TRUE,0,0
2790,"witte kool, zaden en opkweekmateriaal",nl,nl_2790,zomergroenten,overig,1000,150,0.32,akkerbouw,other,7,arable,overig,akkerbouw,mais,groenteteelt,brassica oleracea,"prei, spruiten, koolsoorten",bloemkool,groenten,TRUE,TRUE,TRUE,0,0
2791,"overige niet genoemde bladgewassen, productie",nl,nl_2791,bladgroenten,overig,300,0,0.35,akkerbouw,other,9,arable,overig,akkerbouw,mais,groenteteelt,"",overig,groenten,groenten,TRUE,TRUE,TRUE,0,0
2792,"overige niet genoemde bladgewassen, zaden en opkweekmateriaal",nl,nl_2792,bladgroenten,overig,300,0,0.32,akkerbouw,other,9,arable,overig,akkerbouw,mais,groenteteelt,"",overig,groenten,groenten,TRUE,TRUE,TRUE,0,0
2793,"overige niet genoemde groenten, productie",nl,nl_2793,zomergroenten,overig,,,0.22,akkerbouw,other,16,arable,overig,akkerbouw,mais,groenteteelt,"","witlof, selderij, uien",groenten,groenten,TRUE,TRUE,TRUE,0,0
2794,"overige niet genoemde groenten, zaden en opkweekmateriaal",nl,nl_2794,zomergroenten,overig,,,0.32,akkerbouw,other,16,arable,overig,akkerbouw,mais,groenteteelt,"","witlof, selderij, uien",groenten,groenten,TRUE,TRUE,TRUE,0,0
2795,"bloemkool, winter, productie",nl,nl_2795,wintergroenten,overig,1640.08,150,0.32,akkerbouw,other,7,arable,overig,akkerbouw,mais,groenteteelt,brassica oleracea,"tulpen, narcis, hyacint",overig,groenten,TRUE,TRUE,TRUE,0,0
2796,"bloemkool, winter, zaden en opkweekmateriaal",nl,nl_2796,wintergroenten,overig,1640.08,150,0.32,akkerbouw,other,7,arable,overig,akkerbouw,mais,groenteteelt,brassica oleracea,"tulpen, narcis, hyacint",overig,groenten,TRUE,TRUE,TRUE,0,0
2797,"bloemkool, zomer, productie",nl,nl_2797,zomergroenten,overig,1640.08,150,0.32,akkerbouw,other,7,arable,overig,akkerbouw,mais,groenteteelt,brassica oleracea,"tulpen, narcis, hyacint",bloemkool,groenten,TRUE,TRUE,TRUE,0,0
2798,"bloemkool, zomer, zaden en opkweekmateriaal",nl,nl_2798,zomergroenten,overig,1000,150,0.32,akkerbouw,other,7,arable,overig,akkerbouw,mais,groenteteelt,brassica oleracea,"tulpen, narcis, hyacint",bloemkool,groenten,TRUE,TRUE,TRUE,0,0
2799,"prei, winter, productie",nl,nl_2799,wintergroenten,overig,100,350,0.2,akkerbouw,other,4,arable,overig,akkerbouw,mais,groenteteelt,allium ampeloprasum,"prei, spruiten, koolsoorten",overig,groenten,TRUE,TRUE,TRUE,0,0
2800,"prei, winter, zaden en opkweekmateriaal",nl,nl_2800,wintergroenten,overig,100,350,0.32,akkerbouw,other,4,arable,overig,akkerbouw,mais,groenteteelt,allium ampeloprasum,"prei, spruiten, koolsoorten",overig,groenten,TRUE,TRUE,TRUE,0,0
2801,"prei, zomer, productie",nl,nl_2801,zomergroenten,overig,100,350,0.2,akkerbouw,other,4,arable,overig,akkerbouw,mais,groenteteelt,allium ampeloprasum,"prei, spruiten, koolsoorten",prei,groenten,TRUE,TRUE,TRUE,0,0
2802,"prei, zomer, zaden en opkweekmateriaal",nl,nl_2802,zomergroenten,overig,100,350,0.32,akkerbouw,other,4,arable,overig,akkerbouw,mais,groenteteelt,allium ampeloprasum,"prei, spruiten, koolsoorten",prei,groenten,TRUE,TRUE,TRUE,0,0
2951,"aardappelen, consumptie op klei/lossgrond",nl,nl_2951,aardappel,rooivrucht,875,0,0.22,akkerbouw,potato,5,arable,overig,akkerbouw,mais,akkerbouw,solanum tuberosum,aardappelen,aardappels,rooivrucht,TRUE,TRUE,TRUE,0,0
3055,lisdodde,nl,nl_3055,natuur,overig,,,0.2,natuur,nature,16,nature,overig,akkerbouw,mais,veeteelt,typhaceae,overig,overig,natuur,TRUE,TRUE,TRUE,0,0
3500,"klaver, alexandrijnse",nl,nl_3500,overig,rust,1200,0,0.3,akkerbouw,clover,16,arable,overig,akkerbouw,mais,akkerbouw,trifolium alexandrinum,overig,grasklaver,eiwitgewas,TRUE,TRUE,TRUE,0,0
3501,beemdlangbloem,nl,nl_3501,overig boomteelt,overig,,,0.81,akkerbouw,other,14,arable,overig,akkerbouw,mais,boomteelt,festuca pratensis,"tulpen, narcis, hyacint",bloembollen,vanggewas,FALSE,TRUE,TRUE,0,0
3502,bladkool,nl,nl_3502,zomergroenten,overig,840,0,0.32,akkerbouw,other,7,arable,overig,akkerbouw,mais,groenteteelt,brassica oleracea,"prei, spruiten, koolsoorten",bloemkool,vanggewas,TRUE,TRUE,TRUE,0,0
3503,bladraap,nl,nl_3503,bladgroenten,overig,,,0.2,akkerbouw,other,9,arable,overig,akkerbouw,mais,groenteteelt,brassica rapa,"prei, spruiten, koolsoorten",bladrammenas,vanggewas,TRUE,TRUE,TRUE,0,0
3504,bladrammenas,nl,nl_3504,overig,overig,850,0,0.2,akkerbouw,other,16,arable,overig,akkerbouw,mais,akkerbouw,raphanus sativus,overig,bladrammenas,vanggewas,TRUE,TRUE,TRUE,0,0
3505,deder,nl,nl_3505,overig,overig,,,0.2,akkerbouw,other,14,arable,overig,akkerbouw,mais,akkerbouw,camelina sativa,overig,overig,vanggewas,TRUE,TRUE,TRUE,0,0
3506,engels raaigras,nl,nl_3506,grasland zonder herinzaai,rust,980,,0.24,akkerbouw,grass,1,mais,overig,akkerbouw,mais,veeteelt,lolium perenne,beweid bemaaid gras,grasland,vanggewas,FALSE,TRUE,TRUE,0,0
3507,ethiopische mosterd,nl,nl_3507,overig,overig,850,0,0.24,akkerbouw,other,14,arable,overig,akkerbouw,mais,akkerbouw,brassica carinata,overig,overig,vanggewas,TRUE,TRUE,TRUE,0,0
3508,facelia,nl,nl_3508,overig,overig,,,0.2,akkerbouw,other,14,arable,overig,akkerbouw,mais,akkerbouw,phacelia,overig,overig,vanggewas,TRUE,TRUE,TRUE,0,0
3509,festulolium,nl,nl_3509,overig,overig,,,0.35,akkerbouw,other,14,arable,overig,akkerbouw,mais,akkerbouw,festulolium,overig,overig,vanggewas,FALSE,TRUE,TRUE,0,0
3510,franse boekweit,nl,nl_3510,overig,overig,,,0.31,akkerbouw,other,14,arable,overig,akkerbouw,mais,akkerbouw,fagopyrum tataricum,zomergerst,graan,vanggewas,TRUE,TRUE,TRUE,0,0
3511,"klaver, incarnaat",nl,nl_3511,overig,rust,1200,0,0.3,akkerbouw,clover,16,arable,overig,akkerbouw,mais,akkerbouw,trifolium incarnatum,overig,grasklaver,eiwitgewas,TRUE,TRUE,TRUE,0,0
3512,italiaans raaigras,nl,nl_3512,grasland zonder herinzaai,rust,1255,0,0.24,grasland,grass,1,gras,gras,gras,gras,veeteelt,lolium multiflorum,beweid bemaaid gras,grasland,vanggewas,FALSE,TRUE,TRUE,0,0
3513,westerwolds raaigras,nl,nl_3513,grasland zonder herinzaai,overig,980,0,0.24,grasland,grass,1,gras,gras,gras,gras,veeteelt,lolium multiflorum,beweid bemaaid gras,grasland,vanggewas,FALSE,TRUE,TRUE,0,0
3514,niger,nl,nl_3514,natuur,rust,,,0.2,natuur,nature,16,nature,overig,akkerbouw,mais,veeteelt,guizotia abyssinica,overig,overig,vanggewas,TRUE,TRUE,TRUE,0,0
3515,"klaver, perzische",nl,nl_3515,overig,rust,1200,0,0.3,akkerbouw,clover,16,arable,overig,akkerbouw,mais,akkerbouw,trifolium resupinatum,overig,grasklaver,eiwitgewas,TRUE,TRUE,TRUE,0,0
3516,rietzwenkgras,nl,nl_3516,grasland zonder herinzaai,rust,980,0,0.31,grasland,grass,1,gras,gras,gras,gras,veeteelt,Festuca arundinacea,beweid bemaaid gras,grasland,gras_tijdelijk,FALSE,TRUE,TRUE,0,0
3517,sarepta mosterd/caliente,nl,nl_3517,overig,overig,,,0.24,akkerbouw,other,16,arable,overig,akkerbouw,mais,akkerbouw,brassica juncea,overig,overig,vanggewas,TRUE,TRUE,TRUE,0,0
3518,seradelle,nl,nl_3518,overig,overig,,,0.2,akkerbouw,other,16,nature,overig,akkerbouw,mais,akkerbouw,ornithopus sativus,overig,overig,vanggewas,TRUE,TRUE,TRUE,0,0
3519,soedangras/sorghum,nl,nl_3519,overig,overig,850,0,0.31,grasland,grass,16,mais,overig,akkerbouw,mais,akkerbouw,sorghum bicolor,beweid bemaaid gras,grasland,vanggewas,TRUE,TRUE,TRUE,0,0
3520,spurrie,nl,nl_3520,overig,rust,,,0.2,akkerbouw,other,16,arable,overig,akkerbouw,mais,akkerbouw,spergula,overig,overig,vanggewas,TRUE,TRUE,TRUE,0,0
3521,stoppelknollen,nl,nl_3521,overig,overig,830,0,0.24,akkerbouw,other,16,arable,overig,akkerbouw,mais,akkerbouw,brassica rapa,"prei, spruiten, koolsoorten",bol en knolgewassen,rooivrucht,TRUE,TRUE,TRUE,0,0
3522,timothee,nl,nl_3522,grasland zonder herinzaai,overig,700,0,0.33,akkerbouw,other,1,arable,overig,akkerbouw,mais,veeteelt,phleum pratense,overig,grasland,vanggewas,FALSE,TRUE,TRUE,0,0
3523,veldbeemdgras,nl,nl_3523,grasland zonder herinzaai,overig,980,0,0.33,grasland,grass,1,mais,overig,akkerbouw,mais,veeteelt,poa pratensis,beweid bemaaid gras,grasland,vanggewas,FALSE,TRUE,TRUE,0,0
3524,"klaver, witte",nl,nl_3524,overig,rust,1200,0,0.3,akkerbouw,clover,16,arable,overig,akkerbouw,mais,akkerbouw,trifolium repens,overig,grasklaver,eiwitgewas,TRUE,TRUE,TRUE,0,0
3718,"grasland, natuurlijk",nl,nl_3718,grasland met herinzaai,rust,1400,0,0.35,grasland,grass,1,gras,gras,gras,gras,veeteelt,gras overig,beweid bemaaid gras,grasland,gras_permanent,FALSE,TRUE,TRUE,0,0
3719,heide,nl,nl_3719,natuur,overig,,,0.32,natuur,nature,2,nature,overig,akkerbouw,mais,veeteelt,"",overig,overig,natuur,TRUE,FALSE,FALSE,0,0
3720,"faunaranden, grasland",nl,nl_3720,natuur,overig,,,0.35,natuur,nature,2,nature,gras,gras,gras,veeteelt,"",beweid bemaaid gras,natuurlijk grasland,randensloot,FALSE,FALSE,TRUE,0,0
3721,"faunaranden, bouwland",nl,nl_3721,natuur,overig,,,0.35,natuur,nature,2,nature,overig,akkerbouw,mais,veeteelt,"",overig,natuurlijk grasland,randensloot,TRUE,FALSE,TRUE,0,0
3722,overige natuurterreinen,nl,nl_3722,natuur,overig,,,0.35,natuur,nature,2,nature,overig,akkerbouw,mais,veeteelt,"",overig,jong bos,natuur,TRUE,FALSE,FALSE,0,0
3730,"aardappelen, poot op klei/lossgrond (nak)",nl,nl_3730,aardappel,rooivrucht,875,0,0.22,akkerbouw,potato,3,arable,overig,akkerbouw,mais,akkerbouw,solanum tuberosum,pootaardappelen,aardappels,rooivrucht,TRUE,TRUE,TRUE,0,0
3731,"aardappelen, poot op zand/veengrond (nak)",nl,nl_3731,aardappel,rooivrucht,875,0,0.22,akkerbouw,potato,3,arable,overig,akkerbouw,mais,akkerbouw,solanum tuberosum,pootaardappelen,aardappels,rooivrucht,TRUE,TRUE,TRUE,0,0
3732,"aardappelen, zetmeel (incl. tbm-pootgoed)",nl,nl_3732,aardappel,rooivrucht,875,0,0.22,akkerbouw,starch,4,arable,overig,akkerbouw,mais,akkerbouw,solanum tuberosum,pootaardappelen,aardappels,rooivrucht,TRUE,TRUE,TRUE,0,0
3736,"vlas, vezel-",nl,nl_3736,overig,overig,100,0,0.33,akkerbouw,other,16,arable,overig,akkerbouw,mais,akkerbouw,linum usitatissimum,overig,graan,rustgewas,TRUE,TRUE,TRUE,0,0
3792,"aardappelen, consumptie op zand/veengrond",nl,nl_3792,aardappel,rooivrucht,875,0,0.22,akkerbouw,potato,5,arable,overig,akkerbouw,mais,akkerbouw,solanum tuberosum,aardappelen,aardappels,rooivrucht,TRUE,TRUE,TRUE,0,0
3801,"tijdelijk onbeteelde grond, i.v.m. publieke werken",nl,nl_3801,natuur,overig,0,0,0.35,akkerbouw,other,2,arable,overig,akkerbouw,mais,veeteelt,"",overig,braak,natuur,TRUE,TRUE,TRUE,0,0
3802,"tijdelijk onbeteelde grond, anders dan voor publieke werken",nl,nl_3802,natuur,overig,0,0,0.35,akkerbouw,other,2,arable,overig,akkerbouw,mais,veeteelt,"",overig,braak,natuur,TRUE,FALSE,FALSE,0,0
3803,"rand, grenzend aan bouwland, hoofdzakelijk bestaand uit een ander gewas dan gras. (ea: beheer)",nl,nl_3803,natuur,overig,500,0,0.35,natuur,nature,2,nature,gras,gras,gras,veeteelt,"",overig,grasland,randensloot,TRUE,FALSE,TRUE,0,0
3804,"rand, grenzend aan bouwland, hoofdzakelijk bestaand uit een ander gewas dan gras. (ea: onbeheerd)",nl,nl_3804,natuur,overig,500,0,0.35,natuur,nature,2,nature,gras,gras,gras,veeteelt,"",overig,grasland,randensloot,TRUE,FALSE,TRUE,0,0
3805,"rietzwenkgras, industriegras",nl,nl_3805,grasland zonder herinzaai,rust,980,0,0.31,grasland,grass,1,gras,gras,gras,gras,veeteelt,Festuca arundinacea,beweid bemaaid gras,grasland,gras_tijdelijk,FALSE,TRUE,TRUE,0,0
3806,"boomkwekerijgewassen en vaste planten, open grond",nl,nl_3806,overig boomteelt,overig,1175,0,0.81,akkerbouw,other,13,arable,overig,akkerbouw,mais,boomteelt,"",overige boomteelt,jong bos,boomfruitteelt,TRUE,TRUE,TRUE,20,10000
3807,"rietzwenkgras, anders dan voor industriegras",nl,nl_3807,grasland zonder herinzaai,rust,980,0,0.31,grasland,grass,1,gras,gras,gras,gras,veeteelt,Festuca arundinacea,beweid bemaaid gras,grasland,vanggewas,FALSE,TRUE,TRUE,0,0
3808,roodzwenkgras,nl,nl_3808,grasland zonder herinzaai,rust,,,0.3,grasland,grass,1,gras,gras,gras,gras,akkerbouw,festuca rubra,beweid bemaaid gras,grasland,vanggewas,FALSE,TRUE,TRUE,0,0
6520,azolla,nl,nl_6520,natuur,overig,,,0.31,natuur,nature,16,nature,overig,akkerbouw,mais,veeteelt,azolla,overig,overig,natuur,TRUE,TRUE,TRUE,0,0
6521,wilde rijst,nl,nl_6521,overig boomteelt,rust,,,0.81,akkerbouw,other,16,arable,overig,akkerbouw,mais,groenteteelt,zizania,overig,overig,bollensierteelt,TRUE,TRUE,TRUE,0,0
6522,riet,nl,nl_6522,natuur,overig,,,0.31,natuur,nature,16,nature,overig,akkerbouw,mais,veeteelt,"",overig,overig,natuur,TRUE,TRUE,TRUE,0,0
6632,zoete aardappelen,nl,nl_6632,zomergroenten,rooivrucht,0,0,0.22,akkerbouw,other,4,arable,overig,akkerbouw,mais,akkerbouw,Ipomea batatas,overig,overig,rooivrucht,TRUE,TRUE,TRUE,0,0
6636,naakte haver,nl,nl_6636,granen,rust,0,0,0.31,akkerbouw,cereal,2,arable,overig,akkerbouw,mais,akkerbouw,Avena nuda,zomergerst,overig,rustgewas,TRUE,TRUE,TRUE,0,0
6660,"uien, gele, zaai",nl,nl_6660,zomergroenten,overig,300,0,0.24,akkerbouw,other,4,arable,overig,akkerbouw,mais,groenteteelt,allium cepa,"witlof, selderij, uien",zaaiuien,rooivrucht,TRUE,TRUE,TRUE,0,0
6664,"uien, rode, zaai",nl,nl_6664,zomergroenten,overig,300,0,0.24,akkerbouw,other,4,arable,overig,akkerbouw,mais,groenteteelt,allium cepa,"witlof, selderij, uien",zaaiuien,rooivrucht,TRUE,TRUE,TRUE,0,0
